Country Name,Country Code,Series Name,Series Code,2010 [YR2010],2011 [YR2011],2012 [YR2012],2013 [YR2013],2014 [YR2014],2015 [YR2015],2016 [YR2016],2017 [YR2017],2018 [YR2018],2019 [YR2019]
Afghanistan,AFG,"Inflation, consumer prices (annual %)",FP.CPI.TOTL.ZG,2.17853752389419,11.8041858089129,6.44121280934116,7.38577178397856,4.67399603536345,-0.661709164713771,4.38389195513915,4.97595150553836,0.626149149168802,2.30237251516839
Albania,ALB,"Inflation, consumer prices (annual %)",FP.CPI.TOTL.ZG,3.62604695579816,3.42912324722166,2.03159268395297,1.93762080205226,1.62586504402611,1.89617402592365,1.27543168367414,1.98666133171195,2.02805963071135,1.41109078954247
Algeria,DZA,"Inflation, consumer prices (annual %)",FP.CPI.TOTL.ZG,3.91106195534029,4.5242115050527,8.8914509106232,3.25423910998842,2.91692692067458,4.78444700693894,6.39769480268751,5.5911159096167,4.26999020467083,1.95176821052892
American Samoa,ASM,"Inflation, consumer prices (annual %)",FP.CPI.TOTL.ZG,..,..,..,..,..,..,..,..,..,..
Andorra,AND,"Inflation, consumer prices (annual %)",FP.CPI.TOTL.ZG,..,..,..,..,..,..,..,..,..,..
Angola,AGO,"Inflation, consumer prices (annual %)",FP.CPI.TOTL.ZG,14.4696564932577,13.4824679218511,10.2779049218839,8.77781429332625,7.2803873036112,9.35597215533781,30.6944150806719,29.8444799015679,19.6289379701521,17.080954143438
Antigua and Barbuda,ATG,"Inflation, consumer prices (annual %)",FP.CPI.TOTL.ZG,3.37002540220151,3.45674967234604,3.37688044338876,1.05949782356172,1.08944157435359,0.968993458825594,-0.489437796230531,2.43248789041367,1.20715793367006,1.43135598182988
Argentina,ARG,"Inflation, consumer prices (annual %)",FP.CPI.TOTL.ZG,..,..,..,..,..,..,..,..,34.2772237131003,53.5483043492339
Armenia,ARM,"Inflation, consumer prices (annual %)",FP.CPI.TOTL.ZG,..,7.65000807859295,2.55802007757904,5.78966778544654,2.98130868933676,3.73169119261694,-1.40360755900904,0.969553268816178,2.52023382001632,1.44344660770699
Aruba,ABW,"Inflation, consumer prices (annual %)",FP.CPI.TOTL.ZG,2.07814071860783,4.31629742195208,0.627471992893336,-2.37206524252255,0.421440918881169,0.474763597342611,-0.931195987079601,-1.02828178762003,3.62604141352957,4.25746204335427
Australia,AUS,"Inflation, consumer prices (annual %)",FP.CPI.TOTL.ZG,2.91834002677376,3.30385015608741,1.76278015613196,2.44988864142539,2.48792270531401,1.5083667216592,1.2769909449733,1.94864740944521,1.91140094445694,1.6107678729038
Austria,AUT,"Inflation, consumer prices (annual %)",FP.CPI.TOTL.ZG,1.81353438995062,3.28657914875377,2.48567562177015,2.00015616900599,1.60581182954475,0.896563335260335,0.891591752655315,2.08126911385585,1.99837981429547,1.53089564152644
Azerbaijan,AZE,"Inflation, consumer prices (annual %)",FP.CPI.TOTL.ZG,5.72687224669605,7.8583333333334,1.06621339720303,2.41571745279419,1.37344181533176,4.02768573742726,12.4433748584372,12.9359184187335,2.26854690373999,2.61057182799215
"Bahamas, The",BHS,"Inflation, consumer prices (annual %)",FP.CPI.TOTL.ZG,..,3.19878141660322,1.97336755976255,0.722414784530534,1.51375643050832,1.86148302863365,-0.346376929989347,1.51820700736147,2.26586346678732,2.49123527368049
Bahrain,BHR,"Inflation, consumer prices (annual %)",FP.CPI.TOTL.ZG,..,-0.40004069748808,2.75739669962981,3.30001156888437,2.64755321246194,1.8486274237498,2.78679347602043,1.38671830576399,2.08766938046983,1.00582004702132
Bangladesh,BGD,"Inflation, consumer prices (annual %)",FP.CPI.TOTL.ZG,..,11.3951651552399,6.21750422069283,7.53040640913172,6.99163889220849,6.19428022984985,5.51352572692994,5.70207015717244,5.54362139486472,5.59199639930633
Barbados,BRB,"Inflation, consumer prices (annual %)",FP.CPI.TOTL.ZG,..,9.43220240177219,4.53334753888772,1.81410436049102,1.76950322089726,-1.11278992510965,1.28192813061895,4.66018463955998,3.67381410406796,4.10028964518462
Belarus,BLR,"Inflation, consumer prices (annual %)",FP.CPI.TOTL.ZG,7.73574804312501,53.2286983118173,59.2197360232519,18.3122610377873,18.1195543526734,13.5344897649735,11.8365807653496,6.03183725177786,4.8723022055069,5.59815595039853
Belgium,BEL,"Inflation, consumer prices (annual %)",FP.CPI.TOTL.ZG,2.18929920422458,3.53208210722743,2.83966343445896,1.11309594027539,0.340002833356965,0.561429152790087,1.97385264653175,2.12597086002608,2.05316499865184,1.4368195699643
Belize,BLZ,"Inflation, consumer prices (annual %)",FP.CPI.TOTL.ZG,..,..,1.30058074547862,0.509747768983173,1.20139964481059,-0.86158400942767,0.663427167917562,1.14765339305811,0.269982622646363,0.187069385181459
Benin,BEN,"Inflation, consumer prices (annual %)",FP.CPI.TOTL.ZG,2.20783532536524,2.70423907747279,6.74468253340713,0.428888888888905,-0.548757550948178,0.218785923536209,-0.79331014578558,0.0432648555103161,0.919170717886098,0.732849371241047
Bermuda,BMU,"Inflation, consumer prices (annual %)",FP.CPI.TOTL.ZG,..,..,..,..,..,..,..,..,..,..
Bhutan,BTN,"Inflation, consumer prices (annual %)",FP.CPI.TOTL.ZG,..,..,..,..,8.27106093949328,4.54814395082206,3.21988689395717,4.95508366985128,2.72396386183714,2.72643037388829
Bolivia,BOL,"Inflation, consumer prices (annual %)",FP.CPI.TOTL.ZG,2.50327605844241,9.88446419823886,4.51560291399369,5.73640023719612,5.76660074579141,4.05961041135646,3.62321431764138,2.8227580554717,2.27205987230154,1.83954504969027
Bosnia and Herzegovina,BIH,"Inflation, consumer prices (annual %)",FP.CPI.TOTL.ZG,1.99621236745887,3.67124999999999,2.05267452001717,-0.0930456838317784,-0.89719405419433,-1.03602303425471,-1.5841,0.810133321953058,1.41710814018034,0.562782154061217
Botswana,BWA,"Inflation, consumer prices (annual %)",FP.CPI.TOTL.ZG,..,8.45987233408586,7.53690261091912,5.88460707056817,4.4022530924343,3.06203169580557,2.81495791361944,3.3082807676822,3.23801558947711,2.77286442863323
Brazil,BRA,"Inflation, consumer prices (annual %)",FP.CPI.TOTL.ZG,5.03872690108075,6.63644962213086,5.40349914037005,6.20431066640096,6.32904015516141,9.02990102416137,8.73914352329392,3.44637335032668,3.66485028376727,3.73297621216898
British Virgin Islands,VGB,"Inflation, consumer prices (annual %)",FP.CPI.TOTL.ZG,..,..,..,..,..,..,..,..,..,..
Brunei Darussalam,BRN,"Inflation, consumer prices (annual %)",FP.CPI.TOTL.ZG,..,0.137911563169562,0.111766261400265,0.389205053123609,-0.207108731719819,-0.488347420743483,-0.278693265753081,-1.2605056462896,1.02505179290213,-0.390522069165538
Bulgaria,BGR,"Inflation, consumer prices (annual %)",FP.CPI.TOTL.ZG,2.43899060504113,4.21990346601874,2.95456829831017,0.890093540913077,-1.41818380264845,-0.104633261008384,-0.798649886453677,2.06159619443141,2.8145447382483,3.10372944796774
Burkina Faso,BFA,"Inflation, consumer prices (annual %)",FP.CPI.TOTL.ZG,..,2.75976724854531,3.81815240252386,0.533738507090531,-0.25808951753536,0.7248389810706,0.441041448058777,1.48299897161327,1.95594302672532,-3.23338933983324
Burundi,BDI,"Inflation, consumer prices (annual %)",FP.CPI.TOTL.ZG,6.49326591473995,9.59216605979671,18.1610453065451,7.93795807492418,4.40535234185288,5.54468891259784,5.55768961400966,16.0525353030392,-2.81469807668464,-0.686772170797372
Cabo Verde,CPV,"Inflation, consumer prices (annual %)",FP.CPI.TOTL.ZG,2.07866470906424,4.47388342165028,2.54039644167108,1.50654285701401,-0.238778144990621,0.131187999024519,-1.40781637091705,0.784415251101357,1.25699566690508,1.10666674296062
Cambodia,KHM,"Inflation, consumer prices (annual %)",FP.CPI.TOTL.ZG,3.99639528107219,5.4784474961745,2.93431609293952,2.9416250954735,3.85568861424203,1.22393195511124,3.01913975139129,2.91263557371475,2.45908515380142,1.94257500833107
Cameroon,CMR,"Inflation, consumer prices (annual %)",FP.CPI.TOTL.ZG,..,2.93969946305093,2.73529677529534,2.05034718001742,1.85489850366779,2.67623531419901,0.874190383288837,0.640409149881966,1.0688581131292,2.45280214062729
Canada,CAN,"Inflation, consumer prices (annual %)",FP.CPI.TOTL.ZG,1.77687154092627,2.91213508872347,1.51567823124525,0.938291897815245,1.90663590717867,1.12524136094278,1.42875954701085,1.5968841285297,2.26822567248104,1.94926902411596
Cayman Islands,CYM,"Inflation, consumer prices (annual %)",FP.CPI.TOTL.ZG,0.276140861750094,1.32543575779668,1.18894845245605,2.16061146813395,1.27397911533384,-2.34752770165615,-0.625258358618096,..,..,..
Central African Republic,CAF,"Inflation, consumer prices (annual %)",FP.CPI.TOTL.ZG,1.49102370047805,1.19447572449848,5.47829594346121,6.98879341970198,14.898684179755,1.40297017136817,4.94543276106514,4.1807233187127,1.61215686991552,2.68537355266785
Chad,TCD,"Inflation, consumer prices (annual %)",FP.CPI.TOTL.ZG,..,2.02924053678259,7.51662364663832,0.222671564624585,1.68197313925665,4.37712665065658,-0.792440525236024,-1.5370996298085,4.27462198610548,-0.971939175419342
Channel Islands,CHI,"Inflation, consumer prices (annual %)",FP.CPI.TOTL.ZG,..,..,..,..,..,..,..,..,..,..
Chile,CHL,"Inflation, consumer prices (annual %)",FP.CPI.TOTL.ZG,1.41071107954321,3.34121694259301,3.00744840213053,1.78955553984582,4.71867527854673,4.34877353217046,3.78619355893118,2.18271846868521,2.43488981353054,2.55754475703329
China,CHN,"Inflation, consumer prices (annual %)",FP.CPI.TOTL.ZG,3.17532475269199,5.55389892257491,2.61952432645539,2.62105001748119,1.92164162788522,1.43702380935656,2.00000182191942,1.59313600071433,2.07479039965575,2.89923416358229
Colombia,COL,"Inflation, consumer prices (annual %)",FP.CPI.TOTL.ZG,2.27200227892011,3.41503344776242,3.16930188840057,2.01699224310385,2.89883787761735,4.9898311584953,7.51346024627682,4.3143132569501,3.2405693293057,3.5230193274144
Comoros,COM,"Inflation, consumer prices (annual %)",FP.CPI.TOTL.ZG,..,1.84266300756185,6.31474450315182,-4.29487331536753,..,..,..,..,..,..
"Congo, Dem. Rep.",COD,"Inflation, consumer prices (annual %)",FP.CPI.TOTL.ZG,..,..,..,0.808223101487066,1.24303889760764,0.744198994781517,2.88585107290007,..,..,..
"Congo, Rep.",COG,"Inflation, consumer prices (annual %)",FP.CPI.TOTL.ZG,0.391525011227614,1.75958704273801,5.01018773134469,4.63161619729462,0.912139545450162,3.16909796750827,3.19056179723774,0.450063823285532,1.15277896375524,2.20607305781522
Costa Rica,CRI,"Inflation, consumer prices (annual %)",FP.CPI.TOTL.ZG,5.66275708420022,4.877998309707,4.49545314354611,5.23133614174423,4.51920098516959,0.801982005099561,-0.0174788505907852,1.6259069299173,2.22111461526584,2.09604635327805
Cote d'Ivoire,CIV,"Inflation, consumer prices (annual %)",FP.CPI.TOTL.ZG,1.22645612135478,4.91243395052459,1.30451119915597,2.58117037252936,0.44868207676616,1.25149954781475,0.723178457513241,0.685881065304602,0.3594090313807,-1.10686343994195
Croatia,HRV,"Inflation, consumer prices (annual %)",FP.CPI.TOTL.ZG,1.03055505333574,2.27272727272725,3.41207349081365,2.21658206429777,-0.215196159576262,-0.464499004644924,-1.125,1.12937210282344,1.50012501041755,0.771820346498037
Cuba,CUB,"Inflation, consumer prices (annual %)",FP.CPI.TOTL.ZG,..,..,..,..,..,..,..,..,..,..
Curacao,CUW,"Inflation, consumer prices (annual %)",FP.CPI.TOTL.ZG,2.77944261312558,2.33253152562139,3.18398746349455,1.33232086152147,1.49873969616457,-0.476542049801979,-0.0472079848934594,1.58558801700291,2.58368756641871,2.62220783425054
Cyprus,CYP,"Inflation, consumer prices (annual %)",FP.CPI.TOTL.ZG,2.43004084102254,3.28944939564209,2.38905410042318,-0.399357676464379,-1.35498885446316,-2.09699769053113,-1.42916666666665,0.531766496174477,1.43549119531763,0.250370996758475
Czechia,CZE,"Inflation, consumer prices (annual %)",FP.CPI.TOTL.ZG,1.47272727272724,1.91721913635551,3.28762306610406,1.43829787234044,0.343988589646766,0.309364548495,0.683504209385646,2.45053398460141,2.14949494949498,2.84787595918044
Denmark,DNK,"Inflation, consumer prices (annual %)",FP.CPI.TOTL.ZG,2.31092436974793,2.75868226051242,2.39791485664643,0.789071780078059,0.564020540449519,0.452034153691592,0.25000000000002,1.14713216957606,0.813609467455621,0.758131572511616
Djibouti,DJI,"Inflation, consumer prices (annual %)",FP.CPI.TOTL.ZG,..,5.06871394777982,3.7312095075689,2.70603242872182,1.34186494340158,-0.847389733971989,2.73841208738758,0.568112117084724,0.147970849877118,3.31925372703827
Dominica,DMA,"Inflation, consumer prices (annual %)",FP.CPI.TOTL.ZG,2.99936630549003,1.13123136526474,1.35677147808864,-0.0464116468806488,0.799250372687505,-0.843826984638284,0.14181622573231,0.296252889279519,0.989191119189886,1.50462353858142
Dominican Republic,DOM,"Inflation, consumer prices (annual %)",FP.CPI.TOTL.ZG,6.32993220146146,5.79676809206531,3.69449707884777,4.83095096740803,2.9986422612522,0.836746346724547,1.6141660724522,3.27955694678547,3.5644342601351,1.8106037704296
Ecuador,ECU,"Inflation, consumer prices (annual %)",FP.CPI.TOTL.ZG,3.55437734567847,4.47453265795836,5.10172180958668,2.72177577710365,3.58922016616669,3.96664623255353,1.72826463324535,0.41733558866682,-0.224103246005501,0.266012515466146
"Egypt, Arab Rep.",EGY,"Inflation, consumer prices (annual %)",FP.CPI.TOTL.ZG,..,10.0649259874818,7.11172943343081,9.46971981064917,10.0702154687481,10.370490343517,13.813606214829,29.5066083940039,14.4014657807422,9.15279959324804
El Salvador,SLV,"Inflation, consumer prices (annual %)",FP.CPI.TOTL.ZG,1.17933576873673,5.12892376681615,1.72973481581379,0.757669184522923,1.14134467538236,-0.731384487387936,0.604049086996647,1.01235403315575,1.09033000581892,0.0753241350024998
Equatorial Guinea,GNQ,"Inflation, consumer prices (annual %)",FP.CPI.TOTL.ZG,..,4.80538922155698,3.65662048278811,2.94887694639661,4.30999866149104,1.67663085315991,1.4119391547901,0.744354746612477,1.06007410662165,1.53027528964192
Eritrea,ERI,"Inflation, consumer prices (annual %)",FP.CPI.TOTL.ZG,..,..,..,..,..,..,..,..,..,..
Estonia,EST,"Inflation, consumer prices (annual %)",FP.CPI.TOTL.ZG,2.97204512015694,4.98190131453606,3.93339987296984,2.78056658954994,-0.106175146521685,-0.492326006547392,0.148684907627365,3.41723549488055,3.43632688420446,2.27725931243518
Eswatini,SWZ,"Inflation, consumer prices (annual %)",FP.CPI.TOTL.ZG,4.50923691774372,6.10742714590245,8.9396468278821,5.6213062346895,5.68134885776449,4.95124493704916,7.84727459085682,6.22137528933116,4.81506167461506,2.59801620311074
Ethiopia,ETH,"Inflation, consumer prices (annual %)",FP.CPI.TOTL.ZG,8.14926402965083,33.2499598823345,23.600417677317,7.46402192944522,6.89001951597188,9.56889955968623,6.62813337230927,10.6871150284238,13.8330356586661,15.8096321719344
Faroe Islands,FRO,"Inflation, consumer prices (annual %)",FP.CPI.TOTL.ZG,..,..,..,..,..,..,..,..,..,..
Fiji,FJI,"Inflation, consumer prices (annual %)",FP.CPI.TOTL.ZG,3.68901229670766,7.27811782708494,3.42337523401979,2.91354193604001,0.519306474579164,1.37488542621438,3.86322538221276,3.34757834757835,4.0814763764453,1.77310182460277
Finland,FIN,"Inflation, consumer prices (annual %)",FP.CPI.TOTL.ZG,1.18413523154647,3.4168075425521,2.80833622561575,1.47828615688808,1.04119621178439,-0.207928839905252,0.356684500891724,0.754015047084353,1.08382098409304,1.02409392963425
France,FRA,"Inflation, consumer prices (annual %)",FP.CPI.TOTL.ZG,1.53112270420927,2.11159795174999,1.95419531613501,0.863715497861873,0.507758822937963,0.0375143805125298,0.183334861123829,1.03228275064667,1.85081508315501,1.10825492288292
French Polynesia,PYF,"Inflation, consumer prices (annual %)",FP.CPI.TOTL.ZG,..,..,..,..,..,..,..,..,..,..
Gabon,GAB,"Inflation, consumer prices (annual %)",FP.CPI.TOTL.ZG,..,1.26331707837422,2.65241828695621,0.505441058915667,4.69045751826286,-0.338795188753388,2.10670712784051,2.65192583143897,4.74906652083221,2.46456756151188
"Gambia, The",GMB,"Inflation, consumer prices (annual %)",FP.CPI.TOTL.ZG,5.04968075857403,4.79588266183109,4.25432199813901,5.69912989637384,5.94799935696618,6.80845494579614,7.22879272057924,8.03418974545908,6.52096823946574,7.11567625631189
Georgia,GEO,"Inflation, consumer prices (annual %)",FP.CPI.TOTL.ZG,7.11017897486099,8.5429333333333,-0.943658853270964,-0.512058410947092,3.06881210379543,4.00357820695097,2.13492713939121,6.03531725272117,2.6152447139767,4.85289821696723
Germany,DEU,"Inflation, consumer prices (annual %)",FP.CPI.TOTL.ZG,1.1038103778926,2.07517283735874,2.00848884782953,1.50472330251882,0.906794000434214,0.514426137125455,0.491747008445213,1.50949485109622,1.73216879766948,1.44565976888253
Ghana,GHA,"Inflation, consumer prices (annual %)",FP.CPI.TOTL.ZG,10.7333898354915,8.72845937093023,11.1863409441067,11.6661923071728,15.4896160333319,17.1499695007878,17.4546347070868,12.3719215507049,7.80876516610703,7.14364003330856
Gibraltar,GIB,"Inflation, consumer prices (annual %)",FP.CPI.TOTL.ZG,..,..,..,..,..,..,..,..,..,..
Greece,GRC,"Inflation, consumer prices (annual %)",FP.CPI.TOTL.ZG,4.71298907760393,3.32985323350645,1.50152696177755,-0.921269454256931,-1.3122609640551,-1.73588804765284,-0.825653978390973,1.1212545203142,0.625621413453609,0.253007522038191
Greenland,GRL,"Inflation, consumer prices (annual %)",FP.CPI.TOTL.ZG,..,..,..,..,..,..,..,..,..,..
Grenada,GRD,"Inflation, consumer prices (annual %)",FP.CPI.TOTL.ZG,3.43650905943351,3.03347280334741,2.41077704021857,-0.0439997864828081,-0.98360305555495,-0.515448031435303,1.65038994431567,0.908458255874258,0.804102313277022,0.598149764736098
Guam,GUM,"Inflation, consumer prices (annual %)",FP.CPI.TOTL.ZG,..,..,..,..,..,..,..,..,..,..
Guatemala,GTM,"Inflation, consumer prices (annual %)",FP.CPI.TOTL.ZG,3.85950909833162,6.21412393067093,3.78180754679684,4.34337131279519,3.41836169662961,2.3887203283955,4.44844199942828,4.42453655182547,3.75186186704505,3.69998398008605
Guinea,GIN,"Inflation, consumer prices (annual %)",FP.CPI.TOTL.ZG,15.0502688559001,21.3169268542577,15.2262941038638,11.8875884481828,6.15050556706421,11.7800825029834,8.17268112275132,8.91435947913094,9.82761701259194,9.4700103925301
Guinea-Bissau,GNB,"Inflation, consumer prices (annual %)",FP.CPI.TOTL.ZG,..,5.04610226320201,2.13054580274496,1.20712555668413,-1.509244605705,1.47672048910486,1.50312055861089,1.69111461822294,0.38132470279102,0.246600268147865
Guyana,GUY,"Inflation, consumer prices (annual %)",FP.CPI.TOTL.ZG,3.73337757704245,4.97773563706968,2.39193521312333,1.90125181860584,0.852630497539887,-1.00173432776374,0.836008061506277,1.90465615515585,1.28284288443521,2.08723089162013
Haiti,HTI,"Inflation, consumer prices (annual %)",FP.CPI.TOTL.ZG,4.82734190074673,6.33279483849045,5.01804155429243,4.7650240477914,3.43816659958603,6.73184069659001,11.5029073942666,10.6800887242584,12.4814111170435,18.7037825672506
Honduras,HND,"Inflation, consumer prices (annual %)",FP.CPI.TOTL.ZG,4.69889064976226,6.76227957314763,5.19618615531849,5.16189898581494,6.1292493031302,3.15783117980925,2.72461223295284,3.93436084442048,4.34734937777525,4.36587159819271
"Hong Kong SAR, China",HKG,"Inflation, consumer prices (annual %)",FP.CPI.TOTL.ZG,2.29289088604676,5.30524892993918,4.05390950903844,4.33799342105264,4.42364532019702,2.99084819322579,2.40930743862221,1.49387243939528,2.40613432046534,2.88320853773994
Hungary,HUN,"Inflation, consumer prices (annual %)",FP.CPI.TOTL.ZG,4.85555795691956,3.92992098935068,5.6521451708865,1.73319984983104,-0.227566270988277,-0.0616446800641597,0.39476930668638,2.3482428115016,2.8502479259464,3.33858635382014
Iceland,ISL,"Inflation, consumer prices (annual %)",FP.CPI.TOTL.ZG,5.39673113167477,4.00102664343118,5.185899887507,3.87227923748245,2.04461481539334,1.63305558181334,1.69692761997744,1.76041559180602,2.68291768267385,3.01397179156058
India,IND,"Inflation, consumer prices (annual %)",FP.CPI.TOTL.ZG,11.9893899204244,8.9117933648337,9.47899691419798,10.0178784746103,6.66565671867896,4.9069734412726,4.94821634062135,3.328173374613,3.93882646691633,3.72950573539127
Indonesia,IDN,"Inflation, consumer prices (annual %)",FP.CPI.TOTL.ZG,5.13420639015885,5.35604849112584,4.27951426919427,6.41249457900392,6.39492882396561,6.36312061196643,3.52580452815451,3.80879857691949,3.19834755924998,3.03058460941658
"Iran, Islamic Rep.",IRN,"Inflation, consumer prices (annual %)",FP.CPI.TOTL.ZG,10.0893629287979,26.2933856738608,27.2568127242908,36.6030355191029,16.6065532357449,12.4846815611533,7.24542548952977,8.04492437660281,18.0141183371874,39.9073455697784
Iraq,IRQ,"Inflation, consumer prices (annual %)",FP.CPI.TOTL.ZG,..,..,..,..,..,..,0.556521397155535,0.184058898847663,0.36744148893688,-0.198965380023939
Ireland,IRL,"Inflation, consumer prices (annual %)",FP.CPI.TOTL.ZG,-0.918388645376769,2.54897830208553,1.69474116680362,0.515099484900551,0.190916398713822,-0.330959783371778,0.0201247735962648,0.362173038229412,0.471130713712891,0.937842961189285
Isle of Man,IMN,"Inflation, consumer prices (annual %)",FP.CPI.TOTL.ZG,..,..,..,..,..,..,..,..,..,..
Israel,ISR,"Inflation, consumer prices (annual %)",FP.CPI.TOTL.ZG,2.70270270270273,3.48837209302326,1.67553715750051,1.58976347421478,0.467557251908428,-0.617342577642716,-0.53516819571867,0.249807840122998,0.805060379528465,0.817645940292847
Italy,ITA,"Inflation, consumer prices (annual %)",FP.CPI.TOTL.ZG,1.52551602118248,2.78063272879327,3.04136333226773,1.21999342274302,0.241047429826794,0.0387903996579146,-0.094016656915686,1.22653316645805,1.13748763600396,0.611246943765281
Jamaica,JAM,"Inflation, consumer prices (annual %)",FP.CPI.TOTL.ZG,12.6105519975603,7.55585646580902,6.87397708674309,9.34150076569673,8.27407886231418,3.69154228855719,2.35102197485846,4.37839864991563,3.73663882152162,3.90510000865874
Japan,JPN,"Inflation, consumer prices (annual %)",FP.CPI.TOTL.ZG,-0.728243207517766,-0.272455616101245,-0.0440645104432608,0.335037912184772,2.75922671353253,0.795279630579784,-0.127258844489712,0.484199796126422,0.989094598021811,0.468776159383928
Jordan,JOR,"Inflation, consumer prices (annual %)",FP.CPI.TOTL.ZG,4.84551875852119,4.16244162927783,4.51522956670997,4.82462314269536,2.89947905006051,-0.876851359704029,-0.77843046305416,3.32389447576103,4.46231108475482,0.76151404726555
Kazakhstan,KAZ,"Inflation, consumer prices (annual %)",FP.CPI.TOTL.ZG,7.40046356341392,8.452904661768,5.19568369035063,5.94283871648418,6.84944977003358,6.67828585615236,14.3610942386248,7.44266321306799,6.16366247577756,5.33356098916663
Kenya,KEN,"Inflation, consumer prices (annual %)",FP.CPI.TOTL.ZG,..,14.0224913014704,9.37777003547595,5.71749357037735,6.87815499275944,6.58215429284783,6.29724953814624,8.00564967709946,4.68980646776328,5.23963795764789
Kiribati,KIR,"Inflation, consumer prices (annual %)",FP.CPI.TOTL.ZG,-3.89955040651653,1.49740979875966,-3.04586292775568,-1.48805908468099,2.10398520925043,0.572015743634253,1.91731090233377,0.355520888546822,0.564030491493486,-1.81307995302948
"Korea, Dem. People's Rep.",PRK,"Inflation, consumer prices (annual %)",FP.CPI.TOTL.ZG,..,..,..,..,..,..,..,..,..,..
"Korea, Rep.",KOR,"Inflation, consumer prices (annual %)",FP.CPI.TOTL.ZG,2.93928652655687,4.02596500436091,2.18707104433316,1.30134754547413,1.27477446401322,0.706331772455743,0.971685739912173,1.94433230786365,1.47583935002644,0.383000303608088
Kosovo,XKX,"Inflation, consumer prices (annual %)",FP.CPI.TOTL.ZG,3.48050763735844,7.33641771315268,2.47673782156537,1.76732428354884,0.428957808324131,-0.536929392740622,0.27316943104545,1.48823430592319,1.05379773654994,2.67599202639889
Kuwait,KWT,"Inflation, consumer prices (annual %)",FP.CPI.TOTL.ZG,..,4.83940349870949,3.25514600287216,2.68229684085034,2.90892672858624,3.27170166092134,3.19839776658376,2.17183298510004,0.543133148199583,1.09184802655853
Kyrgyz Republic,KGZ,"Inflation, consumer prices (annual %)",FP.CPI.TOTL.ZG,7.96772225579685,16.6363262731496,2.76844236540956,6.61375202358081,7.53424729775886,6.50331838993382,0.388838296895841,3.1753098637994,1.5426614523843,1.13362257718806
Lao PDR,LAO,"Inflation, consumer prices (annual %)",FP.CPI.TOTL.ZG,5.98254521550086,7.56898856109974,4.25512677832095,6.37142717782939,4.12924306873774,1.27735427102992,1.59691227583207,0.825478607568033,2.04039266890203,3.32255881256922
Latvia,LVA,"Inflation, consumer prices (annual %)",FP.CPI.TOTL.ZG,-1.08463595015159,4.37073559939224,2.2577892437459,-0.0294547782578812,0.620490636732384,0.174242243625212,0.140633334505294,2.9303631237467,2.53445424186594,2.81140920075619
Lebanon,LBN,"Inflation, consumer prices (annual %)",FP.CPI.TOTL.ZG,3.98347941855834,4.97148571692384,6.58147447683681,4.82101956297394,1.85460421340912,-3.74914524799631,-0.783359624361525,4.32135218303191,6.07698907889611,3.00538949390382
Lesotho,LSO,"Inflation, consumer prices (annual %)",FP.CPI.TOTL.ZG,-2.40524254598709,5.03663052101558,6.05143662139971,4.86511899496378,5.3702896100859,3.2184451365593,6.59650490696546,4.44769937376297,4.75180301624745,5.18708359197979
Liberia,LBR,"Inflation, consumer prices (annual %)",FP.CPI.TOTL.ZG,7.28992796890218,8.48816751849402,6.83178703418543,7.57730681741402,9.86111285574906,7.74869687621319,8.83424868336489,12.4196323907138,23.5635148953742,26.9662760197878
Libya,LBY,"Inflation, consumer prices (annual %)",FP.CPI.TOTL.ZG,..,15.5184815317561,6.05980392156859,2.6058180271952,2.43294141599223,10.4022933588151,25.8538742124461,25.8036184788337,13.1702038536721,-2.16217883470595
Liechtenstein,LIE,"Inflation, consumer prices (annual %)",FP.CPI.TOTL.ZG,..,..,..,..,..,..,..,..,..,..
Lithuania,LTU,"Inflation, consumer prices (annual %)",FP.CPI.TOTL.ZG,1.31921362055464,4.13027562645086,3.08998277055415,1.04747937065349,0.103758009433719,-0.884097405500606,0.905525075460343,3.72288862303706,2.69792779208392,2.33450937988028
Luxembourg,LUX,"Inflation, consumer prices (annual %)",FP.CPI.TOTL.ZG,2.2736791162154,3.41068341068342,2.6628416550802,1.73403963519163,0.628543985440711,0.474743161437794,0.2908333333333,1.73079959118893,1.52819524307374,1.74332075653852
"Macao SAR, China",MAC,"Inflation, consumer prices (annual %)",FP.CPI.TOTL.ZG,2.80947242060845,5.80624616691041,6.1073892833655,5.50057779178483,6.04823452094083,4.56056338028167,2.36895749705903,1.2281240405281,3.00446293166944,2.75193081051978
Madagascar,MDG,"Inflation, consumer prices (annual %)",FP.CPI.TOTL.ZG,9.24732173644116,9.48254048582995,5.71384434191048,5.82642944451986,6.08040811088295,7.40419174202131,6.03575858154679,8.60905075422951,8.59422958870479,5.61051441492363
Malawi,MWI,"Inflation, consumer prices (annual %)",FP.CPI.TOTL.ZG,..,7.6228226284852,21.271265001378,27.2833333333333,23.7920649469687,21.8673475542553,21.7111132136499,11.5433939188771,12.420178108921,9.3708360560567
Malaysia,MYS,"Inflation, consumer prices (annual %)",FP.CPI.TOTL.ZG,1.62285235577035,3.17447092151308,1.66357102479208,2.10501231233613,3.14299050879097,2.10438980238356,2.09056659525741,3.87120115774237,0.884709160571202,0.662891865764397
Maldives,MDV,"Inflation, consumer prices (annual %)",FP.CPI.TOTL.ZG,6.14988536750175,11.2734146055937,10.8846956585631,3.80563000919426,2.12000175718132,0.953206658777646,0.502509413611629,2.81747338234509,-0.13337338611759,0.220029731065378
Mali,MLI,"Inflation, consumer prices (annual %)",FP.CPI.TOTL.ZG,..,2.9556439522939,5.32312847064055,-0.606736356351496,0.883814547137851,1.45069057605953,-1.79964707083378,1.75985742927157,0.299546507387863,-1.65826694846365
Malta,MLT,"Inflation, consumer prices (annual %)",FP.CPI.TOTL.ZG,1.51563513618533,2.96298528192878,2.37582057760382,1.18028436366551,0.31030647218172,1.10054826378928,0.642702771527302,1.36435448150708,1.15782362451512,1.64206001768947
Marshall Islands,MHL,"Inflation, consumer prices (annual %)",FP.CPI.TOTL.ZG,..,..,..,..,..,..,..,..,..,..
Mauritania,MRT,"Inflation, consumer prices (annual %)",FP.CPI.TOTL.ZG,..,5.68631959575957,4.90242727217992,4.12910173783396,3.53436856147326,3.25472688117632,1.4717104565,2.2542765193481,3.06735996058356,2.30009262117939
Mauritius,MUS,"Inflation, consumer prices (annual %)",FP.CPI.TOTL.ZG,2.93236301369857,6.5224925486934,3.85216033315982,3.54329573934838,3.21769191994685,1.28654970760231,0.977675134719007,3.66699702675919,3.21605383144576,0.405655190309536
Mexico,MEX,"Inflation, consumer prices (annual %)",FP.CPI.TOTL.ZG,4.15672722680173,3.40737824605738,4.11150981070296,3.80639069747206,4.01861608078671,2.72064064964029,2.82170784747655,6.04145724018993,4.89935015356547,3.63596142127045
"Micronesia, Fed. Sts.",FSM,"Inflation, consumer prices (annual %)",FP.CPI.TOTL.ZG,3.31370963136216,5.08259403890364,5.01850353045627,1.75232737350738,0.650284891768598,-0.298115837381087,-1.03746806405333,0.582253735254647,1.49840023593732,1.92385170787928
Moldova,MDA,"Inflation, consumer prices (annual %)",FP.CPI.TOTL.ZG,7.48385086350857,7.68725103356176,4.54633427355303,4.59787897363121,5.08878554625884,9.67624033101852,6.3593089803794,6.57022997455602,3.04505397337069,4.83778351428724
Monaco,MCO,"Inflation, consumer prices (annual %)",FP.CPI.TOTL.ZG,..,..,..,..,..,..,..,..,..,..
Mongolia,MNG,"Inflation, consumer prices (annual %)",FP.CPI.TOTL.ZG,10.0462065881651,8.41121495327103,14.3303348325838,10.4906567588241,12.253980812976,5.73568281938325,0.733272227314403,4.30143105302339,6.82424790145522,7.30106953550727
Montenegro,MNE,"Inflation, consumer prices (annual %)",FP.CPI.TOTL.ZG,..,3.45014311248692,4.1452472498111,2.2058926814118,-0.710514051710221,1.54869158222486,-0.27138502338522,2.38023599053135,2.61122378263799,0.361563704540745
Morocco,MAR,"Inflation, consumer prices (annual %)",FP.CPI.TOTL.ZG,0.993557401226421,0.906924909691798,1.28712240079214,1.88065466724084,0.442310053557046,1.55790711346268,1.63531114327063,0.754663249323624,1.80391671141895,0.303386036590358
Mozambique,MOZ,"Inflation, consumer prices (annual %)",FP.CPI.TOTL.ZG,12.4255421735156,11.1666056127874,2.6024545695662,4.26135250941966,2.55974875844295,3.55075967356746,17.4180418197597,15.1132073899384,3.91133439990731,2.80270307928108
Myanmar,MMR,"Inflation, consumer prices (annual %)",FP.CPI.TOTL.ZG,..,5.02146014620726,1.46758322674677,5.64303883425512,4.95329918484384,9.45417189525994,6.92882525816125,4.57253655317506,6.87232865662918,8.82506696804562
Namibia,NAM,"Inflation, consumer prices (annual %)",FP.CPI.TOTL.ZG,4.87491987643953,5.00559518081197,6.72199777334885,5.60092502290405,5.35016966859598,3.39401538410559,6.72858234593342,6.14579981111163,4.2915910533787,3.72239414422697
Nauru,NRU,"Inflation, consumer prices (annual %)",FP.CPI.TOTL.ZG,..,0.300300300300297,-0.124750499001996,..,..,..,..,..,..,..
Nepal,NPL,"Inflation, consumer prices (annual %)",FP.CPI.TOTL.ZG,9.32650410745394,9.22707546125951,9.45980980357135,9.04016311917636,8.36415469659563,7.86890895590899,8.79034332004633,3.62709610696607,4.0611633875107,5.56868547784929
Netherlands,NLD,"Inflation, consumer prices (annual %)",FP.CPI.TOTL.ZG,1.27530569556683,2.34107017751372,2.45554765291609,2.50689852657885,0.976035079699672,0.600248147278746,0.3166666666667,1.38145871407207,1.70349794744475,2.63369910249596
New Caledonia,NCL,"Inflation, consumer prices (annual %)",FP.CPI.TOTL.ZG,..,2.42899693753408,1.74967234600262,1.27761318992723,0.1788510607855,0.57050814104803,0.578317435521155,..,..,..
New Zealand,NZL,"Inflation, consumer prices (annual %)",FP.CPI.TOTL.ZG,2.30202385958574,4.02790667392041,1.05991318445632,1.13442266445812,1.22750750597406,0.292704628136088,0.646240284454499,1.85078767452534,1.59829703801696,1.61963190184049
Nicaragua,NIC,"Inflation, consumer prices (annual %)",FP.CPI.TOTL.ZG,5.45513425887423,8.08238798099103,7.19355053338954,7.13546785289406,6.03596861798429,3.99737996694396,3.52317317628478,3.85067166284727,4.94723728039881,5.37628990844127
Niger,NER,"Inflation, consumer prices (annual %)",FP.CPI.TOTL.ZG,..,2.94238514013314,0.455089820359304,2.29723114955315,-0.930287259984459,-0.576090369833122,1.65388922387806,2.79637318871282,2.9676036600445,-2.48979265070854
Nigeria,NGA,"Inflation, consumer prices (annual %)",FP.CPI.TOTL.ZG,13.7400521363694,10.8261371880017,12.2242413020584,8.49551838265672,8.04741087967908,9.00943498007703,15.6968126387972,16.5022662139641,12.0951065173432,11.3964223378115
North Macedonia,MKD,"Inflation, consumer prices (annual %)",FP.CPI.TOTL.ZG,1.50997522027621,3.9047542206973,3.31605566687647,2.78500056726118,-0.281705032928494,-0.299920475631552,-0.23929078768441,1.35161889677442,1.45831298507117,0.766439573459716
Northern Mariana Islands,MNP,"Inflation, consumer prices (annual %)",FP.CPI.TOTL.ZG,..,..,..,..,..,..,..,..,..,..
Norway,NOR,"Inflation, consumer prices (annual %)",FP.CPI.TOTL.ZG,2.41890639481001,1.28495158809154,0.696864111498301,2.12048620353118,2.0417028670721,2.17113665389527,3.55,1.87510059552554,2.76483134528787,2.16773003305404
Oman,OMN,"Inflation, consumer prices (annual %)",FP.CPI.TOTL.ZG,3.25657959078626,4.04218867116391,2.94773495257211,1.05354820265931,1.01401483924157,0.0652901330286023,1.10920805807031,1.58909413567799,0.889312370970333,0.490815362820714
Pakistan,PAK,"Inflation, consumer prices (annual %)",FP.CPI.TOTL.ZG,12.9388705634889,11.9160927116277,9.68235186055679,7.69215611899569,7.18938402847027,2.52932817254228,3.7651191635658,4.08537368032612,5.07805725868913,10.5783618004555
Palau,PLW,"Inflation, consumer prices (annual %)",FP.CPI.TOTL.ZG,1.44219017355169,4.67469879518073,3.61418047882138,3.35481004221284,4.19174548581257,0.949040643697096,-1.04230533415081,1.41798819666923,2.10970464135021,0.267379679144385
Panama,PAN,"Inflation, consumer prices (annual %)",FP.CPI.TOTL.ZG,3.49128872618804,5.87580243678765,5.69819959165996,4.02715991571061,2.62652699929146,0.137492058461539,0.739734025300032,0.875585918759832,0.761578359399968,-0.355083821021219
Papua New Guinea,PNG,"Inflation, consumer prices (annual %)",FP.CPI.TOTL.ZG,..,4.44083401028974,4.53720508166969,4.96031746031746,5.22211720226843,5.99595778127105,6.67372881355932,5.42204568023833,4.37448921453165,3.92867290939596
Paraguay,PRY,"Inflation, consumer prices (annual %)",FP.CPI.TOTL.ZG,4.65116279069767,8.25396825396826,3.67591897974496,2.68385738718587,5.02882767456759,3.12900274473927,4.08682280577241,3.60247741348943,3.97561015740694,2.75709727562778
Peru,PER,"Inflation, consumer prices (annual %)",FP.CPI.TOTL.ZG,..,3.36931095333853,3.61121294940168,2.76789666081998,3.41194579807468,3.39809194746301,3.55717663556283,2.99490045809443,1.50915423024742,2.25212191358024
Philippines,PHL,"Inflation, consumer prices (annual %)",FP.CPI.TOTL.ZG,..,4.71841704718414,3.02696391124798,2.58268766141799,3.59782343864207,0.674192536845415,1.25369880080983,2.85318772590943,5.3093466162771,2.39206534422405
Poland,POL,"Inflation, consumer prices (annual %)",FP.CPI.TOTL.ZG,2.58069370250543,4.23940149625938,3.56037151702789,0.991982606332409,0.0538213132399892,-0.874125874125848,-0.664767331433944,2.07593553673849,1.81295156542687,2.22747880938301
Portugal,PRT,"Inflation, consumer prices (annual %)",FP.CPI.TOTL.ZG,1.40257289895369,3.65301100430728,2.77333854051582,0.2744166666667,-0.278153367467495,0.487938623904796,0.607397074641636,1.36861411643479,0.99371568346828,0.338178410046057
Puerto Rico (US),PRI,"Inflation, consumer prices (annual %)",FP.CPI.TOTL.ZG,..,..,..,..,..,..,..,..,..,..
Qatar,QAT,"Inflation, consumer prices (annual %)",FP.CPI.TOTL.ZG,..,1.13836623529203,2.31534853431664,3.22197756829285,3.3497208565953,1.81407723937758,2.67659170098194,0.394878914082963,0.255815382724384,-0.66664112486111
Romania,ROU,"Inflation, consumer prices (annual %)",FP.CPI.TOTL.ZG,6.09141668601892,5.78925328815879,3.33492267693444,3.98471235548128,1.06830987684295,-0.594156437495146,-1.54479666813903,1.33902121104398,4.62548443137774,3.82785432599435
Russian Federation,RUS,"Inflation, consumer prices (annual %)",FP.CPI.TOTL.ZG,6.84939230255025,8.44046485932569,5.07474300799148,6.75371026220948,7.82341183865507,15.5344050528404,7.04244762954794,3.68332944412233,2.87829723647885,4.47036660760176
Rwanda,RWA,"Inflation, consumer prices (annual %)",FP.CPI.TOTL.ZG,-0.246128693436924,3.08017069240263,10.2710182318876,5.92426867984847,2.35449052820362,2.52850284192419,7.17434301982013,8.27953672260832,-0.311210160390699,3.34787655037643
Samoa,WSM,"Inflation, consumer prices (annual %)",FP.CPI.TOTL.ZG,0.777007268777691,5.23541591478431,2.04901883521159,0.610085720905058,-0.406816088424915,0.724470134874755,1.30471869303183,1.74989677484703,4.19745888663753,0.982326569888101
San Marino,SMR,"Inflation, consumer prices (annual %)",FP.CPI.TOTL.ZG,..,2.89979584300121,2.82733224222588,1.60439298078072,1.11296303373857,0.145686073241017,0.644075340346542,1.01413313194516,1.16333522293151,0.472651967352905
Sao Tome and Principe,STP,"Inflation, consumer prices (annual %)",FP.CPI.TOTL.ZG,..,14.3271667616801,10.6379353431628,8.10583270875473,6.9984994396642,5.24587835022454,5.43051966119157,5.69029619929019,7.86859628873909,7.72024525213249
Saudi Arabia,SAU,"Inflation, consumer prices (annual %)",FP.CPI.TOTL.ZG,5.33941623014107,5.82621886161563,2.86626976609009,3.52995515752938,2.23916590559671,1.20469388504568,2.06740778344411,-0.836410331520586,2.45719835917882,-2.0933490096655
Senegal,SEN,"Inflation, consumer prices (annual %)",FP.CPI.TOTL.ZG,1.22868119673345,3.40322829786969,1.41822871177852,0.710245486695197,-1.09025507446892,0.13521193363519,0.837284942557429,1.31815314847783,0.460985642464248,1.7601115119294
Serbia,SRB,"Inflation, consumer prices (annual %)",FP.CPI.TOTL.ZG,6.14255360247247,11.1373976342129,7.3303858959664,7.69426362896662,2.08244793880153,1.39235822000189,1.12231397417765,3.13106248590118,1.95984076293799,1.84922984511088
Seychelles,SYC,"Inflation, consumer prices (annual %)",FP.CPI.TOTL.ZG,-2.40463875108223,2.55926772230949,7.11037062326405,4.33893848329103,1.3858345458126,4.0419441072562,-1.01548191697632,2.85679575568443,3.70291839111562,1.80709400809983
Sierra Leone,SLE,"Inflation, consumer prices (annual %)",FP.CPI.TOTL.ZG,7.18566275668162,6.79138291952617,6.58776239392586,5.52412877994273,4.63931171409662,6.68943562498678,10.8860609413904,18.2215094003386,16.0295447693698,14.8049990906021
Singapore,SGP,"Inflation, consumer prices (annual %)",FP.CPI.TOTL.ZG,2.82884527612958,5.2511562463937,4.58084479423094,2.36439793742725,1.03316955857629,-0.521975611895757,-0.529809760375466,0.576763191180009,0.438784215129628,0.567829988405464
Sint Maarten (Dutch part),SXM,"Inflation, consumer prices (annual %)",FP.CPI.TOTL.ZG,..,4.58475435650402,4.01518421081601,2.52864788538366,1.88675466275219,0.330027165141348,0.111682655737263,2.19201010963042,..,..
Slovak Republic,SVK,"Inflation, consumer prices (annual %)",FP.CPI.TOTL.ZG,0.957018132975151,3.9192859914629,3.60610263522889,1.40047368963027,-0.0761653295419925,-0.325219777427695,-0.520010196278297,1.31194588223234,2.5140371288381,2.66456133425436
Slovenia,SVN,"Inflation, consumer prices (annual %)",FP.CPI.TOTL.ZG,1.80117022137135,1.80285171941904,2.59741386039011,1.76920085881899,0.199343826570771,-0.525552285820832,-0.0549995416704661,1.42910743319303,1.73860861988179,1.63052260754342
Solomon Islands,SLB,"Inflation, consumer prices (annual %)",FP.CPI.TOTL.ZG,..,..,..,..,..,-0.574469286359497,0.512485626268804,0.488686760261009,3.46147484973737,1.63485544012245
"Somalia, Fed. Rep.",SOM,"Inflation, consumer prices (annual %)",FP.CPI.TOTL.ZG,..,..,..,..,..,..,..,..,..,..
South Africa,ZAF,"Inflation, consumer prices (annual %)",FP.CPI.TOTL.ZG,4.06749555950264,5.00085338795019,5.73797139141737,5.78016910069177,6.13282953059149,4.5186909489251,6.60290842394869,5.18618655524146,4.50987264867393,4.1028507546115
South Sudan,SSD,"Inflation, consumer prices (annual %)",FP.CPI.TOTL.ZG,1.16962180301109,46.8521757193597,45.5258978371706,-0.0580909784225861,1.67429906295521,52.7663304192143,379.999585624026,187.851630279442,83.5015294922,87.2413641500032
Spain,ESP,"Inflation, consumer prices (annual %)",FP.CPI.TOTL.ZG,1.79986457728772,3.19610188833784,2.44612782366812,1.40858109183014,-0.151114837527205,-0.50036570990325,-0.20259800042646,1.95607633363965,1.67498136863794,0.699518994458692
Sri Lanka,LKA,"Inflation, consumer prices (annual %)",FP.CPI.TOTL.ZG,..,6.71676843588542,7.54291373239432,6.90845034828451,3.1790022823606,3.76836783062097,3.95888846593072,7.70413767850602,2.13503773713198,3.52839358231813
St. Kitts and Nevis,KNA,"Inflation, consumer prices (annual %)",FP.CPI.TOTL.ZG,0.850878649795842,5.83516519570859,0.816089281562427,1.10698554000138,0.247865392364864,-2.30187563045608,-0.687037123294052,0.694916711613536,-1.03712214131572,-0.329562063663953
St. Lucia,LCA,"Inflation, consumer prices (annual %)",FP.CPI.TOTL.ZG,3.25034409180129,2.76940794144094,4.17763587102518,1.46856511035425,3.51695551369242,-0.983600952697011,-3.0782176567693,0.104262078958442,1.93561893150608,0.539087559191736
St. Martin (French part),MAF,"Inflation, consumer prices (annual %)",FP.CPI.TOTL.ZG,..,..,..,..,..,..,..,..,..,..
St. Vincent and the Grenadines,VCT,"Inflation, consumer prices (annual %)",FP.CPI.TOTL.ZG,0.747109026311472,3.18603111552463,2.59844414147094,0.805127804267927,0.193858560794014,-1.73361194953954,-0.149641647633268,2.15333648840511,2.32414485367922,0.91306972532454
Sudan,SDN,"Inflation, consumer prices (annual %)",FP.CPI.TOTL.ZG,12.9776663898014,18.0966171221351,35.5590574147027,36.5223449139153,36.9066427863594,16.9095706050979,17.7502538311959,32.3516260968437,63.2925073455883,50.9940515002971
Suriname,SUR,"Inflation, consumer prices (annual %)",FP.CPI.TOTL.ZG,6.94108221639996,17.7117796414558,5.00686319367274,1.92343604108309,3.38341272749477,6.89390359168241,55.4123879763195,21.9969430173304,..,..
Sweden,SWE,"Inflation, consumer prices (annual %)",FP.CPI.TOTL.ZG,1.15798802715628,2.96115073822142,0.888377506923639,-0.0442929701485751,-0.179638494114693,-0.046784744983309,0.984269244578052,1.79449904665588,1.95353530127028,1.78415097403837
Switzerland,CHE,"Inflation, consumer prices (annual %)",FP.CPI.TOTL.ZG,0.688238707220029,0.231349207650933,-0.692552018105286,-0.217323155115691,-0.0132025387514989,-1.14390867228183,-0.434618664285838,0.533787839825897,0.936335464113563,0.362886179940615
Syrian Arab Republic,SYR,"Inflation, consumer prices (annual %)",FP.CPI.TOTL.ZG,..,4.75316388885629,36.7022953364139,40.0318378290723,10.9271141804297,38.4611429599733,47.7051615298924,18.0752696281771,0.940983843906781,13.4175653228571
Tajikistan,TJK,"Inflation, consumer prices (annual %)",FP.CPI.TOTL.ZG,6.44531440780655,12.4315490430408,5.83116601031449,5.00964645344951,6.10442765129666,5.71455949649708,6.00458082322155,..,..,..
Tanzania,TZA,"Inflation, consumer prices (annual %)",FP.CPI.TOTL.ZG,..,12.6909694699163,16.0010938506338,7.87072364573955,6.13161432988011,5.58816952959303,5.17476629301494,5.31871605228926,3.49445848856184,3.46428057999023
Thailand,THA,"Inflation, consumer prices (annual %)",FP.CPI.TOTL.ZG,..,3.80879058139633,3.01489950334988,2.18488618530681,1.89514181898785,-0.90042496329158,0.188149704448176,0.66563189313511,1.06389754183025,0.706728601314275
Timor-Leste,TLS,"Inflation, consumer prices (annual %)",FP.CPI.TOTL.ZG,..,13.4998402385771,11.8003096701544,11.0849085109955,0.726275016139422,0.552796026277853,-1.33853876185165,0.557215537430361,2.63647201015897,0.958812739703131
Togo,TGO,"Inflation, consumer prices (annual %)",FP.CPI.TOTL.ZG,1.44594517430866,3.56351472903955,2.57718174055851,1.82539475909158,0.190875076249796,2.58500390801596,1.28544847051411,-0.981889868943067,0.92775542645718,0.674652770077458
Tonga,TON,"Inflation, consumer prices (annual %)",FP.CPI.TOTL.ZG,3.53491239189834,6.27075302995686,1.14753853706056,0.77562932236748,2.510876332537,-1.05399831971284,2.57815515245078,7.51706283551121,5.03209691984879,1.17954334821804
Trinidad and Tobago,TTO,"Inflation, consumer prices (annual %)",FP.CPI.TOTL.ZG,10.5492003179988,5.10713289264558,9.26028137068291,5.19981740465612,5.68441814595663,4.66121598098264,3.07066742464025,1.88038440183529,1.01856930188824,1.00054293027233
Tunisia,TUN,"Inflation, consumer prices (annual %)",FP.CPI.TOTL.ZG,3.33897963601068,3.24002842009531,4.6118443220664,5.31623531326692,4.62555099534026,4.437371273215,3.62939937384382,5.30884839565845,7.30759176031653,6.72007532863797
Turkiye,TUR,"Inflation, consumer prices (annual %)",FP.CPI.TOTL.ZG,8.56644420552977,6.47187967115095,8.89156996512165,7.49309030547697,8.8545727136432,7.67085364845881,7.77513415328327,11.1443110840765,16.3324638988928,15.1768215720023
Turkmenistan,TKM,"Inflation, consumer prices (annual %)",FP.CPI.TOTL.ZG,..,..,..,..,..,..,..,..,..,..
Turks and Caicos Islands,TCA,"Inflation, consumer prices (annual %)",FP.CPI.TOTL.ZG,..,..,..,..,..,..,..,..,..,..
Tuvalu,TUV,"Inflation, consumer prices (annual %)",FP.CPI.TOTL.ZG,..,0.5005807431527,..,..,..,..,..,..,..,..
Uganda,UGA,"Inflation, consumer prices (annual %)",FP.CPI.TOTL.ZG,..,16.5643496174515,12.6790377224659,4.90520875694553,3.07570668958643,5.58968606251723,5.70637504616216,5.20971705914208,2.61601190952271,2.86758803446903
Ukraine,UKR,"Inflation, consumer prices (annual %)",FP.CPI.TOTL.ZG,9.37293105078978,7.95572466274651,0.568727971803845,-0.2389486260454,12.0718562874252,48.6998646434424,13.9127101997796,14.4383227488749,10.9518559353178,7.88671745611135
United Arab Emirates,ARE,"Inflation, consumer prices (annual %)",FP.CPI.TOTL.ZG,0.877983288285865,0.877346595685107,0.662268900269053,1.10111836375708,2.34626865671642,4.06996608361595,1.61748808904197,1.96682557818841,3.06863379251993,-1.93108114782171
United Kingdom,GBR,"Inflation, consumer prices (annual %)",FP.CPI.TOTL.ZG,2.49265472467066,3.85611244682819,2.57323479654526,2.29166666666667,1.45112016293279,0.36804684232537,1.00841736811403,2.55775577557753,2.29283990345937,1.73810460086515
United States,USA,"Inflation, consumer prices (annual %)",FP.CPI.TOTL.ZG,1.6400434423899,3.156841568622,2.06933726526067,1.46483265562717,1.62222297740817,0.118627135552451,1.26158320570536,2.13011000365961,2.44258329692817,1.81221007526021
Uruguay,URY,"Inflation, consumer prices (annual %)",FP.CPI.TOTL.ZG,6.69870886978133,8.09283206302989,8.097765805736,8.57513504005399,8.87735333229825,8.66626987079334,9.63941347635079,6.21809382561856,7.60653360377048,7.88198870879619
Uzbekistan,UZB,"Inflation, consumer prices (annual %)",FP.CPI.TOTL.ZG,..,13.7797446476602,13.2088026688373,11.8414333622049,9.28309356162694,8.75188196737505,8.13088669523601,13.8757425441635,17.5241796514055,14.5257359560686
Vanuatu,VUT,"Inflation, consumer prices (annual %)",FP.CPI.TOTL.ZG,2.76269469477348,0.873793104781101,1.34740362877658,1.45893371757925,0.798863838096929,2.48326875660444,0.842069084035058,3.08452624403545,2.33096379566871,2.76252019386107
"Venezuela, RB",VEN,"Inflation, consumer prices (annual %)",FP.CPI.TOTL.ZG,..,26.0902123160955,21.0689956331878,40.6394275161588,62.168649979483,121.738085297504,254.948534781815,..,..,..
Viet Nam,VNM,"Inflation, consumer prices (annual %)",FP.CPI.TOTL.ZG,9.20746648778415,18.6777322770707,9.09470339557193,6.59267475899189,4.08455446637623,0.63120090517572,2.66824816969081,3.52025688811621,3.53962805942638,2.79582367452249
Virgin Islands (U.S.),VIR,"Inflation, consumer prices (annual %)",FP.CPI.TOTL.ZG,..,..,..,..,..,..,..,..,..,..
West Bank and Gaza,PSE,"Inflation, consumer prices (annual %)",FP.CPI.TOTL.ZG,3.74915727597099,2.87724358495939,2.77908768282493,1.72439933626924,1.73298510037452,1.43161145810474,-0.219106604907344,0.212570934228876,-0.195107773730709,1.58018333639456
"Yemen, Rep.",YEM,"Inflation, consumer prices (annual %)",FP.CPI.TOTL.ZG,..,19.5435617131149,9.88538714484848,10.9684421500194,8.10472583623949,..,..,..,..,..
Zambia,ZMB,"Inflation, consumer prices (annual %)",FP.CPI.TOTL.ZG,..,6.42939681072337,6.575899707577,6.97767605490313,7.80687553566327,10.1105928909618,17.8697300795268,6.57731154205644,7.49457192728517,9.15031644316299
Zimbabwe,ZWE,"Inflation, consumer prices (annual %)",FP.CPI.TOTL.ZG,3.02267002518891,3.4661297281749,3.72532666110645,1.63495041543827,-0.197784810126641,-2.43096842383403,-1.54366960054167,0.893962316050075,10.6188658669575,255.304990757856
Africa Eastern and Southern,AFE,"Inflation, consumer prices (annual %)",FP.CPI.TOTL.ZG,4.50923691774372,8.45987233408586,8.9396468278821,5.74883133553456,5.3702896100859,5.24587835022454,6.59650490696546,6.3993434156938,4.72080474200537,4.64496717329564
Africa Western and Central,AFW,"Inflation, consumer prices (annual %)",FP.CPI.TOTL.ZG,2.20783532536524,4.01869907534492,4.57837463515946,2.43920076104126,1.76843582146222,2.13081738058794,1.48741550755545,1.72548602374726,1.78404994832042,1.98309228487231
Arab World,ARB,"Inflation, consumer prices (annual %)",FP.CPI.TOTL.ZG,..,4.6386876969545,4.56353694438819,3.27712533943639,2.89947905006051,2.55167715246306,2.67659170098194,2.17183298510004,2.45719835917882,1.09184802655853
Caribbean small states,CSS,"Inflation, consumer prices (annual %)",FP.CPI.TOTL.ZG,3.37002540220151,3.45674967234604,2.50461059084476,1.08324168178155,1.14542060958209,-0.852705497032977,0.402621696824936,1.69929570459838,1.20715793367006,1.00054293027233
Central Europe and the Baltics,CEB,"Inflation, consumer prices (annual %)",FP.CPI.TOTL.ZG,1.80117022137135,4.13027562645086,3.33492267693444,1.43829787234044,0.0538213132399892,-0.464499004644924,-0.0549995416704661,2.07593553673849,2.53445424186594,2.66456133425436
Early-demographic dividend,EAR,"Inflation, consumer prices (annual %)",FP.CPI.TOTL.ZG,4.33298207227273,5.79676809206531,5.01245237398259,4.79482359524338,4.01861608078671,3.12900274473927,3.52317317628478,3.60247741348943,3.97561015740694,2.76252019386107
East Asia & Pacific,EAS,"Inflation, consumer prices (annual %)",FP.CPI.TOTL.ZG,2.91834002677376,4.8699385966957,2.93431609293952,2.51628815142169,2.49939951892551,0.795279630579784,1.2769909449733,1.80034222468618,2.36854905806702,1.70397863236261
East Asia & Pacific (excluding high income),EAP,"Inflation, consumer prices (annual %)",FP.CPI.TOTL.ZG,3.53491239189834,5.23541591478431,3.02093170729893,2.7672959767606,2.82693342066399,1.22393195511124,1.91731090233377,2.91263557371475,3.19834755924998,1.94257500833107
East Asia & Pacific (IDA & IBRD countries),TEA,"Inflation, consumer prices (annual %)",FP.CPI.TOTL.ZG,3.42431101163025,5.08259403890364,3.02093170729893,2.91354193604001,3.14299050879097,1.08648629940417,1.75711158908292,2.88291164981209,2.91740978470448,1.93321335810517
Euro area,EMU,"Inflation, consumer prices (annual %)",FP.CPI.TOTL.ZG,1.5205755786839,3.28801427219793,2.54154474108013,1.31023355618665,0.220195628198783,-0.085207229696361,0.166009884375597,1.37503641525343,1.68923965804135,1.44123966942342
Europe & Central Asia,ECS,"Inflation, consumer prices (annual %)",FP.CPI.TOTL.ZG,2.41890639481001,3.85611244682819,2.77333854051582,1.73403963519163,0.620490636732384,0.36804684232537,0.388838296895841,1.9155884645826,2.01321972250341,1.76373586528845
Europe & Central Asia (excluding high income),ECA,"Inflation, consumer prices (annual %)",FP.CPI.TOTL.ZG,6.77774669133377,7.8583333333334,3.31605566687647,4.59787897363121,3.06881210379543,4.02768573742726,2.13492713939121,4.60357355778863,2.56572880132715,2.64328192719552
Europe & Central Asia (IDA & IBRD countries),TEC,"Inflation, consumer prices (annual %)",FP.CPI.TOTL.ZG,6.14255360247247,7.66862955607735,3.37349808387404,3.38485646137123,2.53187831406914,3.86763469978396,1.1988728289259,3.13106248590118,2.61122378263799,2.67599202639889
European Union,EUU,"Inflation, consumer prices (annual %)",FP.CPI.TOTL.ZG,1.53112270420927,3.28944939564209,2.6628416550802,1.21999342274302,0.199343826570771,-0.0616446800641597,0.183334861123829,1.42910743319303,1.73860861988179,1.63052260754342
Fragile and conflict affected situations,FCS,"Inflation, consumer prices (annual %)",FP.CPI.TOTL.ZG,..,5.03378120470463,5.47829594346121,4.44648435335714,2.43294141599223,3.16909796750827,3.78722687618845,4.25103775087231,3.21453925489093,2.37758732789784
Heavily indebted poor countries (HIPC),HPC,"Inflation, consumer prices (annual %)",FP.CPI.TOTL.ZG,4.82734190074673,6.38109582460691,6.01429442253115,5.16189898581494,3.96986045166307,3.77406982025571,4.66466235810214,4.97595150553836,3.06735996058356,2.80270307928108
High income,HIC,"Inflation, consumer prices (annual %)",FP.CPI.TOTL.ZG,2.23148916021999,3.41374547661776,2.710119177355,1.50472330251882,1.04119621178439,0.330027165141348,0.39476930668638,1.58909413567799,1.88110801380598,1.61519988737214
IBRD only,IBD,"Inflation, consumer prices (annual %)",FP.CPI.TOTL.ZG,4.15672722680173,5.45497370685038,4.21238075950269,3.98471235548128,3.58922016616669,3.12900274473927,2.12081713361586,3.32389447576103,3.22703471046143,2.58405829251272
IDA & IBRD total,IBT,"Inflation, consumer prices (annual %)",FP.CPI.TOTL.ZG,4.03194542028741,5.78925328815879,4.6118443220664,4.33893848329103,3.51695551369242,3.15783117980925,2.81833288054799,3.44637335032668,3.19834755924998,2.68537355266785
IDA blend,IDB,"Inflation, consumer prices (annual %)",FP.CPI.TOTL.ZG,3.25034409180129,4.69315868608744,4.17763587102518,2.58117037252936,1.20139964481059,1.37488542621438,1.65038994431567,1.14765339305811,2.4803084319191,1.989587441209
IDA only,IDX,"Inflation, consumer prices (annual %)",FP.CPI.TOTL.ZG,4.7631162752545,6.42939681072337,5.9413013158571,5.00964645344951,4.12924306873774,3.55075967356746,3.95888846593072,4.44769937376297,3.06735996058356,2.86758803446903
IDA total,IDA,"Inflation, consumer prices (annual %)",FP.CPI.TOTL.ZG,3.73337757704245,6.27075302995686,5.32312847064055,4.81507152137759,3.47756105663922,3.16346457365876,3.37153003512097,3.89251625363387,2.9676036600445,2.72643037388829
Late-demographic dividend,LTE,"Inflation, consumer prices (annual %)",FP.CPI.TOTL.ZG,3.48251329590442,4.37073559939224,3.31605566687647,2.68229684085034,2.04461481539334,1.55790711346268,1.10920805807031,2.17727572689262,2.47446347118432,2.16176258133053
Latin America & Caribbean,LCN,"Inflation, consumer prices (annual %)",FP.CPI.TOTL.ZG,3.55437734567847,5.04243426485763,3.78180754679684,2.52864788538366,3.38341272749477,1.86148302863365,1.65038994431567,2.19201010963042,2.37951733360488,2.37167859363037
Latin America & Caribbean (excluding high income),LAC,"Inflation, consumer prices (annual %)",FP.CPI.TOTL.ZG,4.00811816256668,5.79676809206531,3.9466586787499,2.74483621896182,3.42826414810782,3.14341696227426,2.77316004021469,3.36296514855607,3.4025017947204,2.50460959460401
Latin America & the Caribbean (IDA & IBRD countries),TLA,"Inflation, consumer prices (annual %)",FP.CPI.TOTL.ZG,3.79644333768704,5.79676809206531,4.14457284086407,2.74483621896182,3.42826414810782,2.92482169718978,2.53781710390565,2.8227580554717,2.32414485367922,2.09604635327805
Least developed countries: UN classification,LDC,"Inflation, consumer prices (annual %)",FP.CPI.TOTL.ZG,5.04968075857403,6.38109582460691,6.31474450315182,5.58358380709893,4.12924306873774,3.55075967356746,5.51352572692994,4.77424402935671,3.4779666691496,3.32090626980375
Low & middle income,LMY,"Inflation, consumer prices (annual %)",FP.CPI.TOTL.ZG,4.15672722680173,6.10742714590245,5.00686319367274,4.61474758546291,3.52566203758284,3.19377155203379,3.01913975139129,3.66699702675919,3.2405693293057,2.75709727562778
Low income,LIC,"Inflation, consumer prices (annual %)",FP.CPI.TOTL.ZG,..,6.79138291952617,6.58776239392586,5.61162933815828,3.74052951571965,4.37712665065658,5.70637504616216,8.1568632340337,2.79180778478361,2.83514555687505
Lower middle income,LMC,"Inflation, consumer prices (annual %)",FP.CPI.TOTL.ZG,4.60406378375299,6.22011099219645,5.9413013158571,5.45858016808548,5.08770819355614,3.39401538410559,3.52317317628478,3.73888388490667,4.1763772204447,3.39341969627972
"Middle East, North Africa, Afghanistan & Pakistan",MEA,"Inflation, consumer prices (annual %)",FP.CPI.TOTL.ZG,3.54406845599084,4.6386876969545,4.12321953713944,3.27712533943639,2.77351613126122,1.81407723937758,2.70750189418476,2.06932928164423,1.94579304594439,1.33601568147654
"Middle East, North Africa, Afghanistan & Pakistan (excluding high income)",MNA,"Inflation, consumer prices (annual %)",FP.CPI.TOTL.ZG,3.91106195534029,5.02009983235183,6.51134364308898,5.07042922798114,3.77123895800742,2.52932817254228,3.69725926870481,4.64865184428514,4.36615064471282,2.6538810045361
"Middle East, North Africa, Afghanistan & Pakistan (IDA & IBRD)",TMN,"Inflation, consumer prices (annual %)",FP.CPI.TOTL.ZG,3.94727068694931,5.06871394777982,6.58147447683681,5.31623531326692,4.62555099534026,3.48334972287864,3.7651191635658,4.97595150553836,4.46231108475482,3.00538949390382
Middle income,MIC,"Inflation, consumer prices (annual %)",FP.CPI.TOTL.ZG,4.06749555950264,5.95209761898388,4.52640399783169,4.23623652531457,3.52566203758284,3.15783117980925,2.73151216017021,3.44637335032668,3.46147484973737,2.72643037388829
North America,NAC,"Inflation, consumer prices (annual %)",FP.CPI.TOTL.ZG,1.70845749165809,3.03448832867273,1.79250774825296,1.20156227672121,1.76442944229342,0.621934248247615,1.3451713763581,1.86349706609465,2.3554044847046,1.88073954968808
Not classified,INX,"Inflation, consumer prices (annual %)",FP.CPI.TOTL.ZG,..,..,..,..,..,..,..,..,..,..
OECD members,OED,"Inflation, consumer prices (annual %)",FP.CPI.TOTL.ZG,1.80735230566099,3.37429759432519,2.52945520915771,1.45156526398381,0.624517311086547,0.338705695410185,0.443258157565797,1.82264336059061,1.93246812286361,1.74071267870184
Other small states,OSS,"Inflation, consumer prices (annual %)",FP.CPI.TOTL.ZG,2.93236301369857,4.23745503254073,4.03932356139047,2.74329950913588,1.22741398857008,1.02687746128346,0.572606092569466,2.07032579116868,2.62384789639848,1.37436338032504
Pacific island small states,PSS,"Inflation, consumer prices (annual %)",FP.CPI.TOTL.ZG,2.76269469477348,4.67469879518073,1.69821123199408,1.45893371757925,0.798863838096929,0.648242939254504,1.07339388853344,1.58394248575813,2.89621932270304,1.40719939417024
Post-demographic dividend,PST,"Inflation, consumer prices (annual %)",FP.CPI.TOTL.ZG,1.90487337870475,3.32985323350645,2.48567562177015,1.40858109183014,0.906794000434214,0.36804684232537,0.607397074641636,1.73079959118893,1.73860861988179,1.61963190184049
Pre-demographic dividend,PRE,"Inflation, consumer prices (annual %)",FP.CPI.TOTL.ZG,..,6.42939681072337,6.44121280934116,4.76841247712007,3.53436856147326,3.55075967356746,4.66466235810214,4.97595150553836,2.9676036600445,2.45280214062729
Small states,SST,"Inflation, consumer prices (annual %)",FP.CPI.TOTL.ZG,2.99936630549003,4.23745503254073,3.40012783870427,1.60439298078072,1.11296303373857,0.562405884956053,0.643389055936922,1.75515618332652,2.10970464135021,1.17954334821804
South Asia,SAS,"Inflation, consumer prices (annual %)",FP.CPI.TOTL.ZG,9.32650410745394,9.22707546125951,9.45980980357135,7.53040640913172,6.82864780544372,4.72755869604733,4.45355240327603,4.29108988840868,3.33139516437674,3.6289496588547
South Asia (IDA & IBRD),TSA,"Inflation, consumer prices (annual %)",FP.CPI.TOTL.ZG,9.32650410745394,9.22707546125951,9.45980980357135,7.53040640913172,6.82864780544372,4.72755869604733,4.45355240327603,4.29108988840868,3.33139516437674,3.6289496588547
Sub-Saharan Africa,SSF,"Inflation, consumer prices (annual %)",FP.CPI.TOTL.ZG,4.28836623862318,5.04610226320201,6.575899707577,4.88516387595465,4.4022530924343,3.55075967356746,5.43051966119157,5.19795180719177,4.09297819300639,2.83514555687505
Sub-Saharan Africa (excluding high income),SSA,"Inflation, consumer prices (annual %)",FP.CPI.TOTL.ZG,4.28836623862318,5.04610226320201,6.31474450315182,4.88516387595465,4.4022530924343,3.39401538410559,5.43051966119157,5.19795180719177,4.09297819300639,2.83514555687505
Sub-Saharan Africa (IDA & IBRD countries),TSS,"Inflation, consumer prices (annual %)",FP.CPI.TOTL.ZG,4.28836623862318,5.04610226320201,6.575899707577,4.88516387595465,4.4022530924343,3.55075967356746,5.43051966119157,5.19795180719177,4.09297819300639,2.83514555687505
Upper middle income,UMC,"Inflation, consumer prices (annual %)",FP.CPI.TOTL.ZG,3.91106195534029,5.67533350732011,3.66626973126654,2.70281658214476,3.03372718252382,2.24655506538953,2.09056659525741,3.3082807676822,3.04505397337069,1.84922984511088
World,WLD,"Inflation, consumer prices (annual %)",FP.CPI.TOTL.ZG,3.21283442224664,4.79588266183109,3.67591897974496,2.62105001748119,2.35449052820362,1.45069057605953,1.60553917414213,2.2542765193481,2.44989082805349,2.21677593359912
,,,,,,,,,,,,,
,,,,,,,,,,,,,
,,,,,,,,,,,,,
Data from database: World Development Indicators,,,,,,,,,,,,,
Last Updated: 10/07/2025,,,,,,,,,,,,,
