Date,^TNX
2017-01-03,0.024500000476837158
2017-01-04,0.024519999027252198
2017-01-05,0.02368000030517578
2017-01-06,0.024179999828338624
2017-01-09,0.02375999927520752
2017-01-10,0.02378999948501587
2017-01-11,0.02369999885559082
2017-01-12,0.023610000610351563
2017-01-13,0.02380000114440918
2017-01-17,0.023269999027252197
2017-01-18,0.023889999389648437
2017-01-19,0.024590001106262208
2017-01-20,0.024670000076293944
2017-01-23,0.024030001163482667
2017-01-24,0.024709999561309814
2017-01-25,0.025230000019073485
2017-01-26,0.025079998970031738
2017-01-27,0.02480999946594238
2017-01-30,0.024830000400543215
2017-01-31,0.024509999752044678
2017-02-01,0.024739999771118164
2017-02-02,0.024700000286102294
2017-02-03,0.02490999937057495
2017-02-06,0.024130001068115234
2017-02-07,0.023889999389648437
2017-02-08,0.023510000705718993
2017-02-09,0.023949999809265137
2017-02-10,0.024089999198913574
2017-02-13,0.02434000015258789
2017-02-14,0.024700000286102294
2017-02-15,0.02502000093460083
2017-02-16,0.024500000476837158
2017-02-17,0.02424999952316284
2017-02-21,0.02427000045776367
2017-02-22,0.024179999828338624
2017-02-23,0.023880000114440917
2017-02-24,0.02316999912261963
2017-02-27,0.0236899995803833
2017-02-28,0.023580000400543213
2017-03-01,0.024630000591278078
2017-03-02,0.02489000082015991
2017-03-03,0.02492000102996826
2017-03-06,0.0249399995803833
2017-03-07,0.025109999179840088
2017-03-08,0.025520000457763672
2017-03-09,0.025980000495910646
2017-03-10,0.025820000171661375
2017-03-13,0.026080000400543212
2017-03-14,0.025950000286102295
2017-03-15,0.025079998970031738
2017-03-16,0.025220000743865968
2017-03-17,0.025009999275207518
2017-03-20,0.024730000495910644
2017-03-21,0.02436000108718872
2017-03-22,0.023959999084472657
2017-03-23,0.024179999828338624
2017-03-24,0.024000000953674317
2017-03-27,0.02372999906539917
2017-03-28,0.024089999198913574
2017-03-29,0.023859999179840087
2017-03-30,0.024159998893737794
2017-03-31,0.023959999084472657
2017-04-03,0.023499999046325683
2017-04-04,0.023499999046325683
2017-04-05,0.023570001125335693
2017-04-06,0.023429999351501463
2017-04-07,0.02372999906539917
2017-04-10,0.023610000610351563
2017-04-11,0.022980000972747803
2017-04-12,0.022960000038146973
2017-04-13,0.022320001125335692
2017-04-17,0.02252000093460083
2017-04-18,0.021789999008178712
2017-04-19,0.0220199990272522
2017-04-20,0.022409999370574953
2017-04-21,0.022369999885559082
2017-04-24,0.022730000019073486
2017-04-25,0.023269999027252197
2017-04-26,0.02311000108718872
2017-04-27,0.022960000038146973
2017-04-28,0.022820000648498536
2017-05-01,0.02325000047683716
2017-05-02,0.022960000038146973
2017-05-03,0.02309000015258789
2017-05-04,0.023559999465942384
2017-05-05,0.023519999980926513
2017-05-08,0.02375999927520752
2017-05-09,0.024070000648498534
2017-05-10,0.024140000343322754
2017-05-11,0.024000000953674317
2017-05-12,0.023350000381469727
2017-05-15,0.023380000591278077
2017-05-16,0.023289999961853027
2017-05-17,0.022160000801086426
2017-05-18,0.022330000400543212
2017-05-19,0.02244999885559082
2017-05-22,0.02253999948501587
2017-05-23,0.022850000858306886
2017-05-24,0.022660000324249266
2017-05-25,0.02255000114440918
2017-05-26,0.0225
2017-05-30,0.022170000076293946
2017-05-31,0.02196000099182129
2017-06-01,0.022170000076293946
2017-06-02,0.021589999198913575
2017-06-05,0.021819999217987062
2017-06-06,0.02147000074386597
2017-06-07,0.021779999732971192
2017-06-08,0.02194000005722046
2017-06-09,0.02198999881744385
2017-06-12,0.022130000591278075
2017-06-13,0.022070000171661375
2017-06-14,0.021380000114440918
2017-06-15,0.021619999408721925
2017-06-16,0.021570000648498535
2017-06-19,0.02190000057220459
2017-06-20,0.021530001163482665
2017-06-21,0.021549999713897705
2017-06-22,0.021530001163482665
2017-06-23,0.02144000053405762
2017-06-26,0.021370000839233398
2017-06-27,0.02197999954223633
2017-06-28,0.022209999561309816
2017-06-29,0.022669999599456786
2017-06-30,0.023020000457763673
2017-07-03,0.023459999561309813
2017-07-05,0.023340001106262206
2017-07-06,0.02369999885559082
2017-07-07,0.023929998874664307
2017-07-10,0.02371000051498413
2017-07-11,0.023619999885559084
2017-07-12,0.023269999027252197
2017-07-13,0.023480000495910643
2017-07-14,0.02319000005722046
2017-07-17,0.02309000015258789
2017-07-18,0.02263000011444092
2017-07-19,0.022679998874664306
2017-07-20,0.022660000324249266
2017-07-21,0.022320001125335692
2017-07-24,0.02253999948501587
2017-07-25,0.023259999752044676
2017-07-26,0.022820000648498536
2017-07-27,0.02309999942779541
2017-07-28,0.022890000343322753
2017-07-31,0.022920000553131103
2017-08-01,0.02250999927520752
2017-08-02,0.0226200008392334
2017-08-03,0.022279999256134032
2017-08-04,0.022669999599456786
2017-08-07,0.02256999969482422
2017-08-08,0.022829999923706056
2017-08-09,0.022409999370574953
2017-08-10,0.022119998931884766
2017-08-11,0.02188999891281128
2017-08-14,0.022190001010894776
2017-08-15,0.022660000324249266
2017-08-16,0.022260000705718996
2017-08-17,0.02198999881744385
2017-08-18,0.02194000005722046
2017-08-21,0.021800000667572022
2017-08-22,0.022149999141693116
2017-08-23,0.021710000038146972
2017-08-24,0.02194000005722046
2017-08-25,0.021689999103546142
2017-08-28,0.021589999198913575
2017-08-29,0.02135999917984009
2017-08-30,0.021429998874664305
2017-08-31,0.02121000051498413
2017-09-01,0.021570000648498535
2017-09-05,0.020699999332427978
2017-09-06,0.02108000040054321
2017-09-07,0.02061000108718872
2017-09-08,0.02061000108718872
2017-09-11,0.02125
2017-09-12,0.021710000038146972
2017-09-13,0.02194999933242798
2017-09-14,0.02197000026702881
2017-09-15,0.0220199990272522
2017-09-18,0.022290000915527342
2017-09-19,0.022430000305175782
2017-09-20,0.022769999504089356
2017-09-21,0.022780001163482666
2017-09-22,0.0226200008392334
2017-09-25,0.022200000286102296
2017-09-26,0.022290000915527342
2017-09-27,0.02309000015258789
2017-09-28,0.02309000015258789
2017-09-29,0.023259999752044676
2017-10-02,0.023369998931884767
2017-10-03,0.023340001106262206
2017-10-04,0.023299999237060547
2017-10-05,0.023499999046325683
2017-10-06,0.02369999885559082
2017-10-09,0.023610000610351563
2017-10-10,0.023450000286102293
2017-10-11,0.023450000286102293
2017-10-12,0.023229999542236326
2017-10-13,0.022799999713897706
2017-10-16,0.02306999921798706
2017-10-17,0.022980000972747803
2017-10-18,0.023389999866485597
2017-10-19,0.02321000099182129
2017-10-20,0.0238100004196167
2017-10-23,0.02375999927520752
2017-10-24,0.024059998989105224
2017-10-25,0.024440000057220457
2017-10-26,0.024519999027252198
2017-10-27,0.02427999973297119
2017-10-30,0.02369999885559082
2017-10-31,0.02375999927520752
2017-11-01,0.02375999927520752
2017-11-02,0.023469998836517333
2017-11-03,0.023429999351501463
2017-11-06,0.02319999933242798
2017-11-07,0.02306999921798706
2017-11-08,0.02325000047683716
2017-11-09,0.023310000896453856
2017-11-10,0.024000000953674317
2017-11-13,0.024000000953674317
2017-11-14,0.0238100004196167
2017-11-15,0.023350000381469727
2017-11-16,0.023610000610351563
2017-11-17,0.023540000915527343
2017-11-20,0.02371999979019165
2017-11-21,0.0236299991607666
2017-11-22,0.02322000026702881
2017-11-24,0.023399999141693117
2017-11-27,0.023280000686645506
2017-11-28,0.023380000591278077
2017-11-29,0.02375999927520752
2017-11-30,0.024170000553131104
2017-12-01,0.023619999885559084
2017-12-04,0.02378999948501587
2017-12-05,0.023559999465942384
2017-12-06,0.023299999237060547
2017-12-07,0.02375999927520752
2017-12-08,0.023829998970031737
2017-12-11,0.023849999904632567
2017-12-12,0.024030001163482667
2017-12-13,0.023489999771118163
2017-12-14,0.023459999561309813
2017-12-15,0.023550000190734863
2017-12-18,0.023919999599456787
2017-12-19,0.024630000591278078
2017-12-20,0.02496999979019165
2017-12-21,0.02480999946594238
2017-12-22,0.02484999895095825
2017-12-26,0.024670000076293944
2017-12-27,0.024140000343322754
2017-12-28,0.02431999921798706
2017-12-29,0.024049999713897704
2018-01-02,0.024649999141693114
2018-01-03,0.024470000267028807
2018-01-04,0.024530000686645508
2018-01-05,0.024760000705718994
2018-01-08,0.024800000190734865
2018-01-09,0.02546000003814697
2018-01-10,0.025499999523162842
2018-01-11,0.025309998989105225
2018-01-12,0.025520000457763672
2018-01-16,0.025439999103546142
2018-01-17,0.02578000068664551
2018-01-18,0.026110000610351562
2018-01-19,0.0263700008392334
2018-01-22,0.026649999618530273
2018-01-23,0.02624000072479248
2018-01-24,0.026540000438690186
2018-01-25,0.026210000514984132
2018-01-26,0.026619999408721923
2018-01-29,0.026989998817443846
2018-01-30,0.027260000705718993
2018-01-31,0.027200000286102297
2018-02-01,0.027730000019073487
2018-02-02,0.028540000915527344
2018-02-05,0.027939999103546144
2018-02-06,0.027679998874664307
2018-02-07,0.028440001010894774
2018-02-08,0.028510000705718994
2018-02-09,0.028289999961853027
2018-02-12,0.028570001125335694
2018-02-13,0.028399999141693114
2018-02-14,0.029130001068115235
2018-02-15,0.028910000324249268
2018-02-16,0.02877000093460083
2018-02-20,0.028929998874664308
2018-02-21,0.02943000078201294
2018-02-22,0.029170000553131105
2018-02-23,0.02871000051498413
2018-02-26,0.02858999967575073
2018-02-27,0.029079999923706055
2018-02-28,0.02868000030517578
2018-03-01,0.02803999900817871
2018-03-02,0.028570001125335694
2018-03-05,0.028810000419616698
2018-03-06,0.02877000093460083
2018-03-07,0.028829998970031738
2018-03-08,0.02865999937057495
2018-03-09,0.028940000534057618
2018-03-12,0.02869999885559082
2018-03-13,0.028480000495910644
2018-03-14,0.028169999122619627
2018-03-15,0.028259999752044677
2018-03-16,0.028480000495910644
2018-03-19,0.028450000286102294
2018-03-20,0.028789999485015868
2018-03-21,0.029070000648498535
2018-03-22,0.028320000171661378
2018-03-23,0.028299999237060548
2018-03-26,0.028429999351501464
2018-03-27,0.027860000133514404
2018-03-28,0.027750000953674317
2018-03-29,0.02740999937057495
2018-04-02,0.027320001125335693
2018-04-03,0.027839999198913574
2018-04-04,0.027880001068115234
2018-04-05,0.028320000171661378
2018-04-06,0.027750000953674317
2018-04-09,0.027860000133514404
2018-04-10,0.02796999931335449
2018-04-11,0.027899999618530274
2018-04-12,0.028340001106262207
2018-04-13,0.028289999961853027
2018-04-16,0.028320000171661378
2018-04-17,0.02813999891281128
2018-04-18,0.02867000102996826
2018-04-19,0.029140000343322755
2018-04-20,0.02950999975204468
2018-04-23,0.029730000495910645
2018-04-24,0.029830000400543212
2018-04-25,0.030239999294281006
2018-04-26,0.029900000095367432
2018-04-27,0.02957000017166138
2018-04-30,0.02936000108718872
2018-05-01,0.029760000705718995
2018-05-02,0.029639999866485595
2018-05-03,0.02946000099182129
2018-05-04,0.02944000005722046
2018-05-07,0.02950000047683716
2018-05-08,0.029690001010894775
2018-05-09,0.03003999948501587
2018-05-10,0.029709999561309815
2018-05-11,0.029709999561309815
2018-05-14,0.02994999885559082
2018-05-15,0.030799999237060546
2018-05-16,0.030950000286102296
2018-05-17,0.031089999675750733
2018-05-18,0.03066999912261963
2018-05-21,0.03065000057220459
2018-05-22,0.03065000057220459
2018-05-23,0.03003000020980835
2018-05-24,0.029809999465942382
2018-05-25,0.02930999994277954
2018-05-29,0.027679998874664307
2018-05-30,0.028420000076293944
2018-05-31,0.028220000267028807
2018-06-01,0.028949999809265138
2018-06-04,0.029370000362396242
2018-06-05,0.02918999910354614
2018-06-06,0.029749999046325682
2018-06-07,0.02933000087738037
2018-06-08,0.029370000362396242
2018-06-11,0.02957000017166138
2018-06-12,0.02957000017166138
2018-06-13,0.029769999980926512
2018-06-14,0.02946000099182129
2018-06-15,0.02924000024795532
2018-06-18,0.02926000118255615
2018-06-19,0.028929998874664308
2018-06-20,0.02927999973297119
2018-06-21,0.028970000743865968
2018-06-22,0.029000000953674318
2018-06-25,0.02875
2018-06-26,0.02880000114440918
2018-06-27,0.028269999027252198
2018-06-28,0.028469998836517334
2018-06-29,0.028489999771118164
2018-07-02,0.02865999937057495
2018-07-03,0.028380000591278078
2018-07-05,0.028399999141693114
2018-07-06,0.028310000896453857
2018-07-09,0.02859999895095825
2018-07-10,0.02872999906539917
2018-07-11,0.028420000076293944
2018-07-12,0.028529999256134034
2018-07-13,0.028310000896453857
2018-07-16,0.028580000400543214
2018-07-17,0.02864000082015991
2018-07-18,0.02875
2018-07-19,0.028469998836517334
2018-07-20,0.028949999809265138
2018-07-23,0.029649999141693115
2018-07-24,0.02948999881744385
2018-07-25,0.02936000108718872
2018-07-26,0.029749999046325682
2018-07-27,0.029600000381469725
2018-07-30,0.029749999046325682
2018-07-31,0.029639999866485595
2018-08-01,0.03003000020980835
2018-08-02,0.029860000610351562
2018-08-03,0.02953000068664551
2018-08-06,0.02937999963760376
2018-08-07,0.029730000495910645
2018-08-08,0.029709999561309815
2018-08-09,0.029349999427795412
2018-08-10,0.028570001125335694
2018-08-13,0.02877000093460083
2018-08-14,0.028949999809265138
2018-08-15,0.028519999980926514
2018-08-16,0.02871000051498413
2018-08-17,0.02872999906539917
2018-08-20,0.028229999542236327
2018-08-21,0.028440001010894774
2018-08-22,0.028229999542236327
2018-08-23,0.02821000099182129
2018-08-24,0.028259999752044677
2018-08-27,0.028480000495910644
2018-08-28,0.028840000629425048
2018-08-29,0.028840000629425048
2018-08-30,0.02859999895095825
2018-08-31,0.028529999256134034
2018-09-04,0.029019999504089355
2018-09-05,0.029019999504089355
2018-09-06,0.028789999485015868
2018-09-07,0.02941999912261963
2018-09-10,0.029370000362396242
2018-09-11,0.029769999980926512
2018-09-12,0.029630000591278075
2018-09-13,0.029630000591278075
2018-09-14,0.029939999580383302
2018-09-17,0.03000999927520752
2018-09-18,0.030480000972747803
2018-09-19,0.030829999446868896
2018-09-20,0.030780000686645506
2018-09-21,0.03068000078201294
2018-09-24,0.030780000686645506
2018-09-25,0.031019999980926513
2018-09-26,0.03061000108718872
2018-09-27,0.03055999994277954
2018-09-28,0.03055999994277954
2018-10-01,0.030799999237060546
2018-10-02,0.03055999994277954
2018-10-03,0.03161000013351441
2018-10-04,0.03197000026702881
2018-10-05,0.03224999904632568
2018-10-08,0.032330000400543214
2018-10-09,0.032079999446868894
2018-10-10,0.03224999904632568
2018-10-11,0.03132999897003174
2018-10-12,0.03141000032424927
2018-10-15,0.031630001068115234
2018-10-16,0.03155999898910523
2018-10-17,0.031789999008178714
2018-10-18,0.03174999952316284
2018-10-19,0.03197999954223633
2018-10-22,0.03196000099182129
2018-10-23,0.031659998893737794
2018-10-24,0.03124000072479248
2018-10-25,0.03135999917984009
2018-10-26,0.030769999027252196
2018-10-29,0.030869998931884766
2018-10-30,0.031099998950958253
2018-10-31,0.031589999198913574
2018-11-01,0.03144000053405762
2018-11-02,0.032139999866485594
2018-11-05,0.03200999975204468
2018-11-06,0.032139999866485594
2018-11-07,0.032130000591278074
2018-11-08,0.032339999675750734
2018-11-09,0.03188999891281128
2018-11-12,0.03186000108718872
2018-11-13,0.03144999980926513
2018-11-14,0.03119999885559082
2018-11-15,0.03118000030517578
2018-11-16,0.030739998817443846
2018-11-19,0.03056999921798706
2018-11-20,0.030480000972747803
2018-11-21,0.03061000108718872
2018-11-23,0.03053999900817871
2018-11-26,0.03072000026702881
2018-11-27,0.030550000667572023
2018-11-28,0.030439999103546143
2018-11-29,0.030350000858306886
2018-11-30,0.03013000011444092
2018-12-03,0.029920001029968262
2018-12-04,0.02924000024795532
2018-12-06,0.028759999275207518
2018-12-07,0.028499999046325684
2018-12-10,0.028559999465942384
2018-12-11,0.028789999485015868
2018-12-12,0.029059998989105225
2018-12-13,0.029110000133514405
2018-12-14,0.028910000324249268
2018-12-17,0.028570001125335694
2018-12-18,0.028250000476837157
2018-12-19,0.027780001163482667
2018-12-20,0.027890000343322754
2018-12-21,0.027920000553131104
2018-12-24,0.02749000072479248
2018-12-26,0.02796999931335449
2018-12-27,0.02743000030517578
2018-12-28,0.027360000610351563
2018-12-31,0.02686000108718872
2019-01-02,0.026610000133514403
2019-01-03,0.025539999008178712
2019-01-04,0.026589999198913573
2019-01-07,0.02681999921798706
2019-01-08,0.027160000801086426
2019-01-09,0.027279999256134033
2019-01-10,0.027309999465942383
2019-01-11,0.027009999752044676
2019-01-14,0.027100000381469726
2019-01-15,0.027109999656677247
2019-01-16,0.027309999465942383
2019-01-17,0.02749000072479248
2019-01-18,0.027839999198913574
2019-01-22,0.027300000190734863
2019-01-23,0.02755000114440918
2019-01-24,0.027119998931884767
2019-01-25,0.02753000020980835
2019-01-28,0.0274399995803833
2019-01-29,0.027119998931884767
2019-01-30,0.02694999933242798
2019-01-31,0.02634999990463257
2019-02-01,0.02690999984741211
2019-02-04,0.027239999771118163
2019-02-05,0.027019999027252196
2019-02-06,0.027019999027252196
2019-02-07,0.026519999504089356
2019-02-08,0.02631999969482422
2019-02-11,0.026610000133514403
2019-02-12,0.02684000015258789
2019-02-13,0.027079999446868896
2019-02-14,0.026570000648498536
2019-02-15,0.026659998893737793
2019-02-19,0.026470000743865966
2019-02-20,0.026540000438690186
2019-02-21,0.02687999963760376
2019-02-22,0.026549999713897706
2019-02-25,0.026730000972747803
2019-02-26,0.02635999917984009
2019-02-27,0.02693000078201294
2019-02-28,0.027109999656677247
2019-03-01,0.02755000114440918
2019-03-04,0.027219998836517333
2019-03-05,0.027219998836517333
2019-03-06,0.02691999912261963
2019-03-07,0.02635999917984009
2019-03-08,0.02625
2019-03-11,0.026429998874664306
2019-03-12,0.026050000190734862
2019-03-13,0.026110000610351562
2019-03-14,0.02630000114440918
2019-03-15,0.025929999351501466
2019-03-18,0.026019999980926512
2019-03-19,0.026140000820159912
2019-03-20,0.025350000858306885
2019-03-21,0.025369999408721925
2019-03-22,0.024549999237060548
2019-03-25,0.024200000762939454
2019-03-26,0.024140000343322754
2019-03-27,0.02374000072479248
2019-03-28,0.023889999389648437
2019-03-29,0.024140000343322754
2019-04-01,0.02496999979019165
2019-04-02,0.02480999946594238
2019-04-03,0.025169999599456788
2019-04-04,0.025120000839233398
2019-04-05,0.025009999275207518
2019-04-08,0.025190000534057618
2019-04-09,0.02499000072479248
2019-04-10,0.024769999980926515
2019-04-11,0.025039999485015868
2019-04-12,0.02559999942779541
2019-04-15,0.025529999732971192
2019-04-16,0.025920000076293945
2019-04-17,0.025920000076293945
2019-04-18,0.02559999942779541
2019-04-22,0.025899999141693116
2019-04-23,0.02569999933242798
2019-04-24,0.025220000743865968
2019-04-25,0.025339999198913575
2019-04-26,0.02505000114440918
2019-04-29,0.025360000133514405
2019-04-30,0.025090000629425048
2019-05-01,0.025109999179840088
2019-05-02,0.025520000457763672
2019-05-03,0.025309998989105225
2019-05-06,0.025
2019-05-07,0.024479999542236328
2019-05-08,0.024820001125335694
2019-05-09,0.024570000171661378
2019-05-10,0.024549999237060548
2019-05-13,0.024049999713897704
2019-05-14,0.024189999103546144
2019-05-15,0.02378999948501587
2019-05-16,0.024049999713897704
2019-05-17,0.023929998874664307
2019-05-20,0.024159998893737794
2019-05-21,0.024260001182556154
2019-05-22,0.023929998874664307
2019-05-23,0.022960000038146973
2019-05-24,0.023239998817443847
2019-05-28,0.022679998874664306
2019-05-29,0.022360000610351562
2019-05-30,0.022269999980926512
2019-05-31,0.02141999959945679
2019-06-03,0.020810000896453858
2019-06-04,0.0211899995803833
2019-06-05,0.02122999906539917
2019-06-06,0.02124000072479248
2019-06-07,0.020840001106262208
2019-06-10,0.021429998874664305
2019-06-11,0.021400001049041748
2019-06-12,0.02127000093460083
2019-06-13,0.020910000801086424
2019-06-14,0.020929999351501465
2019-06-17,0.020859999656677244
2019-06-18,0.02059999942779541
2019-06-19,0.020290000438690184
2019-06-20,0.02000999927520752
2019-06-21,0.02068000078201294
2019-06-24,0.020209999084472657
2019-06-25,0.0199399995803833
2019-06-26,0.02049000024795532
2019-06-27,0.02005000114440918
2019-06-28,0.02
2019-07-01,0.020339999198913574
2019-07-02,0.0197599995136261
2019-07-03,0.019529999494552613
2019-07-05,0.020480000972747804
2019-07-08,0.020339999198913574
2019-07-09,0.02053999900817871
2019-07-10,0.02061000108718872
2019-07-11,0.02119999885559082
2019-07-12,0.02105999946594238
2019-07-15,0.020920000076293944
2019-07-16,0.02121999979019165
2019-07-17,0.02061000108718872
2019-07-18,0.020380001068115234
2019-07-19,0.020480000972747804
2019-07-22,0.020429999828338624
2019-07-23,0.020739998817443848
2019-07-24,0.02049999952316284
2019-07-25,0.020739998817443848
2019-07-26,0.020810000896453858
2019-07-29,0.02055000066757202
2019-07-30,0.02061000108718872
2019-07-31,0.020209999084472657
2019-08-01,0.018940000534057616
2019-08-02,0.018550000190734862
2019-08-05,0.017350000143051148
2019-08-06,0.01738999962806702
2019-08-07,0.01684000015258789
2019-08-08,0.01715999960899353
2019-08-09,0.01733999967575073
2019-08-12,0.016390000581741334
2019-08-13,0.016799999475479124
2019-08-14,0.015809999704360964
2019-08-15,0.015290000438690186
2019-08-16,0.015390000343322753
2019-08-19,0.015980000495910644
2019-08-20,0.015609999895095825
2019-08-21,0.015770000219345093
2019-08-22,0.016100000143051147
2019-08-23,0.01527999997138977
2019-08-26,0.015449999570846558
2019-08-27,0.014900000095367431
2019-08-28,0.014659999608993531
2019-08-29,0.015160000324249268
2019-08-30,0.0150600004196167
2019-09-03,0.014659999608993531
2019-09-04,0.01458999991416931
2019-09-05,0.01565000057220459
2019-09-06,0.015499999523162842
2019-09-09,0.01621999979019165
2019-09-10,0.01702000021934509
2019-09-11,0.01733000040054321
2019-09-12,0.01791000008583069
2019-09-13,0.01902999997138977
2019-09-16,0.01840999960899353
2019-09-17,0.01812000036239624
2019-09-18,0.017860000133514405
2019-09-19,0.017740000486373902
2019-09-20,0.017549999952316285
2019-09-23,0.017079999446868898
2019-09-24,0.016349999904632567
2019-09-25,0.017319999933242798
2019-09-26,0.01684999942779541
2019-09-27,0.01674999952316284
2019-09-30,0.01674999952316284
2019-10-01,0.016440000534057617
2019-10-02,0.015959999561309814
2019-10-03,0.015360000133514405
2019-10-04,0.015149999856948853
2019-10-07,0.015529999732971192
2019-10-08,0.015369999408721923
2019-10-09,0.015889999866485597
2019-10-10,0.016579999923706054
2019-10-11,0.017519999742507935
2019-10-14,0.01733000040054321
2019-10-15,0.017710000276565552
2019-10-16,0.017480000257492065
2019-10-17,0.01756999969482422
2019-10-18,0.01746999979019165
2019-10-21,0.017920000553131102
2019-10-22,0.0176800000667572
2019-10-23,0.01758999943733215
2019-10-24,0.01766000032424927
2019-10-25,0.018009999990463255
2019-10-28,0.01853000044822693
2019-10-29,0.018350000381469726
2019-10-30,0.01797999978065491
2019-10-31,0.016909999847412108
2019-11-01,0.017280000448226928
2019-11-04,0.017860000133514405
2019-11-05,0.018660000562667846
2019-11-06,0.018140000104904175
2019-11-07,0.019259999990463256
2019-11-08,0.019329999685287477
2019-11-11,0.019429999589920043
2019-11-12,0.01909000039100647
2019-11-13,0.018700000047683716
2019-11-14,0.01815000057220459
2019-11-15,0.018339999914169312
2019-11-18,0.018079999685287475
2019-11-19,0.017860000133514405
2019-11-20,0.017380000352859498
2019-11-21,0.017719999551773072
2019-11-22,0.017740000486373902
2019-11-25,0.01764000058174133
2019-11-26,0.01740000009536743
2019-11-27,0.01766999959945679
2019-11-29,0.017760000228881835
2019-12-02,0.018359999656677246
2019-12-03,0.01708999991416931
2019-12-04,0.01781000018119812
2019-12-05,0.01797000050544739
2019-12-06,0.018420000076293946
2019-12-09,0.01828999996185303
2019-12-10,0.018329999446868896
2019-12-11,0.017899999618530272
2019-12-12,0.018969999551773073
2019-12-13,0.01819000005722046
2019-12-16,0.018919999599456786
2019-12-17,0.018890000581741333
2019-12-18,0.019240000247955323
2019-12-19,0.019079999923706056
2019-12-20,0.019170000553131103
2019-12-23,0.01934999942779541
2019-12-24,0.01909999966621399
2019-12-26,0.019049999713897706
2019-12-27,0.018739999532699586
2019-12-30,0.018949999809265136
2019-12-31,0.01919000029563904
2020-01-02,0.01881999969482422
2020-01-03,0.01787999987602234
2020-01-06,0.018109999895095825
2020-01-07,0.018270000219345092
2020-01-08,0.018739999532699586
2020-01-09,0.018580000400543212
2020-01-10,0.01825000047683716
2020-01-13,0.018480000495910646
2020-01-14,0.018179999589920046
2020-01-15,0.01787999987602234
2020-01-16,0.018090000152587892
2020-01-17,0.018359999656677246
2020-01-21,0.01769000053405762
2020-01-22,0.01769000053405762
2020-01-23,0.01740000009536743
2020-01-24,0.01680999994277954
2020-01-27,0.016050000190734864
2020-01-28,0.016410000324249267
2020-01-29,0.01593999981880188
2020-01-30,0.015579999685287475
2020-01-31,0.015199999809265136
2020-02-03,0.015199999809265136
2020-02-04,0.01603000044822693
2020-02-05,0.0164900004863739
2020-02-06,0.016440000534057617
2020-02-07,0.015779999494552614
2020-02-10,0.015470000505447388
2020-02-11,0.01590000033378601
2020-02-12,0.016299999952316284
2020-02-13,0.016169999837875367
2020-02-14,0.015880000591278077
2020-02-18,0.015559999942779542
2020-02-19,0.015700000524520873
2020-02-20,0.015249999761581421
2020-02-21,0.014709999561309814
2020-02-24,0.013769999742507935
2020-02-25,0.013300000429153443
2020-02-26,0.01309999942779541
2020-02-27,0.012990000247955323
2020-02-28,0.011269999742507935
2020-03-02,0.010880000591278076
2020-03-03,0.010099999904632569
2020-03-04,0.009919999837875367
2020-03-05,0.009259999990463256
2020-03-06,0.007059999704360962
2020-03-09,0.004990000128746033
2020-03-10,0.0074800002574920655
2020-03-11,0.008199999928474427
2020-03-12,0.008489999771118164
2020-03-13,0.009509999752044678
2020-03-16,0.007279999852180481
2020-03-17,0.00996999979019165
2020-03-18,0.012660000324249267
2020-03-19,0.011189999580383301
2020-03-20,0.009380000233650208
2020-03-23,0.007639999985694885
2020-03-24,0.008159999847412109
2020-03-25,0.008579999804496766
2020-03-26,0.008109999895095825
2020-03-27,0.007490000128746033
2020-03-30,0.006700000166893006
2020-03-31,0.006980000138282776
2020-04-01,0.006349999904632569
2020-04-02,0.0062699997425079345
2020-04-03,0.005870000123977661
2020-04-06,0.006759999990463257
2020-04-07,0.007360000014305115
2020-04-08,0.007639999985694885
2020-04-09,0.007289999723434448
2020-04-13,0.007490000128746033
2020-04-14,0.007519999742507935
2020-04-15,0.006380000114440918
2020-04-16,0.00609000027179718
2020-04-17,0.006539999842643738
2020-04-20,0.006259999871253967
2020-04-21,0.005709999799728393
2020-04-22,0.006190000176429749
2020-04-23,0.006129999756813049
2020-04-24,0.005960000157356263
2020-04-27,0.00656000018119812
2020-04-28,0.006100000143051148
2020-04-29,0.0062699997425079345
2020-04-30,0.00621999979019165
2020-05-01,0.006420000195503235
2020-05-04,0.00637000024318695
2020-05-05,0.006570000052452087
2020-05-06,0.0071100002527236935
2020-05-07,0.006309999823570251
2020-05-08,0.006819999814033508
2020-05-11,0.007260000109672546
2020-05-12,0.006779999732971192
2020-05-13,0.006489999890327454
2020-05-14,0.006190000176429749
2020-05-15,0.006399999856948852
2020-05-18,0.007440000176429749
2020-05-19,0.0071100002527236935
2020-05-20,0.006800000071525574
2020-05-21,0.006769999861717224
2020-05-22,0.006570000052452087
2020-05-26,0.006980000138282776
2020-05-27,0.006800000071525574
2020-05-28,0.007049999833106994
2020-05-29,0.006480000019073486
2020-06-01,0.0066200000047683715
2020-06-02,0.006800000071525574
2020-06-03,0.007609999775886536
2020-06-04,0.008199999928474427
2020-06-05,0.009039999842643738
2020-06-08,0.0088400000333786
2020-06-09,0.008289999961853027
2020-06-10,0.0074800002574920655
2020-06-11,0.006529999971389771
2020-06-12,0.0069900000095367435
2020-06-15,0.007020000219345093
2020-06-16,0.0075599998235702515
2020-06-17,0.0073299998044967654
2020-06-18,0.006940000057220459
2020-06-19,0.006970000267028808
2020-06-22,0.007039999961853028
2020-06-23,0.007089999914169312
2020-06-24,0.006840000152587891
2020-06-25,0.006740000247955322
2020-06-26,0.0063599997758865354
2020-06-29,0.0063599997758865354
2020-06-30,0.006529999971389771
2020-07-01,0.006819999814033508
2020-07-02,0.006690000295639038
2020-07-06,0.006840000152587891
2020-07-07,0.0064999997615814206
2020-07-08,0.006529999971389771
2020-07-09,0.0060500001907348635
2020-07-10,0.006330000162124634
2020-07-13,0.006399999856948852
2020-07-14,0.006150000095367432
2020-07-15,0.0062999999523162846
2020-07-16,0.006119999885559082
2020-07-17,0.0062800002098083495
2020-07-20,0.006200000047683716
2020-07-21,0.006069999933242798
2020-07-22,0.005950000286102295
2020-07-23,0.005820000171661377
2020-07-24,0.005889999866485596
2020-07-27,0.00609000027179718
2020-07-28,0.005809999704360962
2020-07-29,0.0057899999618530274
2020-07-30,0.005410000085830689
2020-07-31,0.005360000133514405
2020-08-03,0.005630000233650207
2020-08-04,0.005149999856948853
2020-08-05,0.005429999828338623
2020-08-06,0.005360000133514405
2020-08-07,0.005619999766349792
2020-08-10,0.005740000009536743
2020-08-11,0.006579999923706055
2020-08-12,0.006700000166893006
2020-08-13,0.007160000205039978
2020-08-14,0.007089999914169312
2020-08-17,0.006830000281333923
2020-08-18,0.006690000295639038
2020-08-19,0.00675000011920929
2020-08-20,0.00643999993801117
2020-08-21,0.006399999856948852
2020-08-24,0.006460000276565552
2020-08-25,0.006819999814033508
2020-08-26,0.0068699997663497925
2020-08-27,0.007459999918937683
2020-08-28,0.007289999723434448
2020-08-31,0.006930000185966492
2020-09-01,0.00671999990940094
2020-09-02,0.0065100002288818355
2020-09-03,0.00621999979019165
2020-09-04,0.007210000157356262
2020-09-08,0.006840000152587891
2020-09-09,0.00703000009059906
2020-09-10,0.0068500000238418575
2020-09-11,0.006690000295639038
2020-09-14,0.006710000038146972
2020-09-15,0.006790000200271607
2020-09-16,0.0068699997663497925
2020-09-17,0.006840000152587891
2020-09-18,0.006940000057220459
2020-09-21,0.006710000038146972
2020-09-22,0.0066399997472763065
2020-09-23,0.006759999990463257
2020-09-24,0.006660000085830688
2020-09-25,0.006589999794960022
2020-09-28,0.006629999876022339
2020-09-29,0.006449999809265136
2020-09-30,0.006769999861717224
2020-10-01,0.006769999861717224
2020-10-02,0.0069599997997283935
2020-10-05,0.007620000243186951
2020-10-06,0.007419999837875366
2020-10-07,0.007850000262260437
2020-10-08,0.007649999856948852
2020-10-09,0.007749999761581421
2020-10-12,0.007770000100135803
2020-10-13,0.007269999980926514
2020-10-14,0.0072200000286102295
2020-10-15,0.00731000006198883
2020-10-16,0.007440000176429749
2020-10-19,0.007609999775886536
2020-10-20,0.00796999990940094
2020-10-21,0.008159999847412109
2020-10-22,0.008479999899864197
2020-10-23,0.008410000205039979
2020-10-26,0.008009999990463257
2020-10-27,0.007779999971389771
2020-10-28,0.00781000018119812
2020-10-29,0.008349999785423279
2020-10-30,0.008600000143051147
2020-11-02,0.008489999771118164
2020-11-03,0.008820000290870666
2020-11-04,0.007680000066757202
2020-11-05,0.007760000228881836
2020-11-06,0.008199999928474427
2020-11-09,0.009580000042915345
2020-11-10,0.00972000002861023
2020-11-11,0.009580000042915345
2020-11-12,0.008849999904632568
2020-11-13,0.008930000066757203
2020-11-16,0.00906000018119812
2020-11-17,0.00871999979019165
2020-11-18,0.008820000290870666
2020-11-19,0.008539999723434449
2020-11-20,0.008289999961853027
2020-11-23,0.008569999933242797
2020-11-24,0.008820000290870666
2020-11-25,0.008780000209808349
2020-11-27,0.008420000076293946
2020-11-30,0.00843999981880188
2020-12-01,0.009340000152587891
2020-12-02,0.009480000138282776
2020-12-03,0.009200000166893006
2020-12-04,0.00968999981880188
2020-12-07,0.009279999732971191
2020-12-08,0.00912999987602234
2020-12-09,0.00940999984741211
2020-12-10,0.009079999923706054
2020-12-11,0.008930000066757203
2020-12-14,0.008920000195503234
2020-12-15,0.009229999780654908
2020-12-16,0.009200000166893006
2020-12-17,0.009300000071525573
2020-12-18,0.009480000138282776
2020-12-21,0.00940999984741211
2020-12-22,0.009179999828338623
2020-12-23,0.009549999833106995
2020-12-24,0.009279999732971191
2020-12-28,0.009330000281333923
2020-12-29,0.009350000023841858
2020-12-30,0.009259999990463256
2020-12-31,0.009169999957084656
2021-01-04,0.009169999957084656
2021-01-05,0.009549999833106995
2021-01-06,0.010420000553131104
2021-01-07,0.010709999799728394
2021-01-08,0.011050000190734863
2021-01-11,0.011319999694824218
2021-01-12,0.011380000114440918
2021-01-13,0.010880000591278076
2021-01-14,0.01128999948501587
2021-01-15,0.01097000002861023
2021-01-19,0.010920000076293946
2021-01-20,0.010900000333786011
2021-01-21,0.011089999675750733
2021-01-22,0.010909999608993531
2021-01-25,0.010399999618530274
2021-01-26,0.010399999618530274
2021-01-27,0.010140000581741334
2021-01-28,0.010570000410079956
2021-01-29,0.010930000543594361
2021-02-01,0.010770000219345092
2021-02-02,0.011050000190734863
2021-02-03,0.0113100004196167
2021-02-04,0.011390000581741333
2021-02-05,0.011699999570846558
2021-02-08,0.01159999966621399
2021-02-09,0.01156999945640564
2021-02-10,0.011330000162124633
2021-02-11,0.011579999923706055
2021-02-12,0.012000000476837159
2021-02-16,0.012990000247955323
2021-02-17,0.013009999990463256
2021-02-18,0.012869999408721924
2021-02-19,0.013450000286102295
2021-02-22,0.013700000047683715
2021-02-23,0.013619999885559082
2021-02-24,0.013890000581741333
2021-02-25,0.015180000066757203
2021-02-26,0.014600000381469726
2021-03-01,0.014459999799728394
2021-03-02,0.014149999618530274
2021-03-03,0.014700000286102294
2021-03-04,0.015499999523162842
2021-03-05,0.015540000200271607
2021-03-08,0.015959999561309814
2021-03-09,0.015460000038146973
2021-03-10,0.015199999809265136
2021-03-11,0.015269999504089355
2021-03-12,0.016349999904632567
2021-03-15,0.016069999933242797
2021-03-16,0.01621000051498413
2021-03-17,0.016410000324249267
2021-03-18,0.017300000190734865
2021-03-19,0.017319999933242798
2021-03-22,0.01684000015258789
2021-03-23,0.016380000114440917
2021-03-24,0.016139999628067017
2021-03-25,0.016139999628067017
2021-03-26,0.01659999966621399
2021-03-29,0.017209999561309815
2021-03-30,0.017259999513626098
2021-03-31,0.01746000051498413
2021-04-01,0.016790000200271608
2021-04-05,0.017200000286102295
2021-04-06,0.01656000018119812
2021-04-07,0.01652999997138977
2021-04-08,0.016319999694824217
2021-04-09,0.016660000085830688
2021-04-12,0.01674999952316284
2021-04-13,0.016230000257492064
2021-04-14,0.016380000114440917
2021-04-15,0.015299999713897705
2021-04-16,0.015729999542236327
2021-04-19,0.016009999513626097
2021-04-20,0.01562000036239624
2021-04-21,0.015640000104904173
2021-04-22,0.015540000200271607
2021-04-23,0.015670000314712523
2021-04-26,0.015700000524520873
2021-04-27,0.01621999979019165
2021-04-28,0.016200000047683717
2021-04-29,0.016399999856948854
2021-04-30,0.0163100004196167
2021-05-03,0.016069999933242797
2021-05-04,0.015920000076293947
2021-05-05,0.01583999991416931
2021-05-06,0.015609999895095825
2021-05-07,0.015770000219345093
2021-05-10,0.016019999980926514
2021-05-11,0.016239999532699584
2021-05-12,0.016950000524520874
2021-05-13,0.016679999828338624
2021-05-14,0.016349999904632567
2021-05-17,0.016399999856948854
2021-05-18,0.016419999599456787
2021-05-19,0.016829999685287474
2021-05-20,0.016339999437332154
2021-05-21,0.016319999694824217
2021-05-24,0.016080000400543214
2021-05-25,0.015640000104904173
2021-05-26,0.015740000009536743
2021-05-27,0.016100000143051147
2021-05-28,0.015809999704360964
2021-06-01,0.01615000009536743
2021-06-02,0.01590999960899353
2021-06-03,0.01625
2021-06-04,0.01559999942779541
2021-06-07,0.01569000005722046
2021-06-08,0.01527999997138977
2021-06-09,0.014889999628067016
2021-06-10,0.01458999991416931
2021-06-11,0.01462000012397766
2021-06-14,0.015010000467300414
2021-06-15,0.014989999532699584
2021-06-16,0.01569000005722046
2021-06-17,0.015110000371932983
2021-06-18,0.014500000476837159
2021-06-21,0.014839999675750733
2021-06-22,0.01472000002861023
2021-06-23,0.014869999885559083
2021-06-24,0.014869999885559083
2021-06-25,0.015360000133514405
2021-06-28,0.01478000044822693
2021-06-29,0.014800000190734863
2021-06-30,0.014429999589920044
2021-07-01,0.014800000190734863
2021-07-02,0.01430999994277954
2021-07-06,0.013700000047683715
2021-07-07,0.013209999799728393
2021-07-08,0.01287999987602234
2021-07-09,0.013559999465942383
2021-07-12,0.013630000352859497
2021-07-13,0.014149999618530274
2021-07-14,0.013559999465942383
2021-07-15,0.012970000505447388
2021-07-16,0.012999999523162841
2021-07-19,0.011809999942779542
2021-07-20,0.012089999914169312
2021-07-21,0.012799999713897704
2021-07-22,0.012649999856948852
2021-07-23,0.012860000133514404
2021-07-26,0.012760000228881836
2021-07-27,0.012339999675750732
2021-07-28,0.012610000371932984
2021-07-29,0.012690000534057617
2021-07-30,0.012389999628067017
2021-08-02,0.011740000247955322
2021-08-03,0.011759999990463257
2021-08-04,0.01184000015258789
2021-08-05,0.012170000076293945
2021-08-06,0.012899999618530273
2021-08-09,0.013170000314712525
2021-08-10,0.013420000076293945
2021-08-11,0.013289999961853028
2021-08-12,0.013669999837875367
2021-08-13,0.012970000505447388
2021-08-16,0.012569999694824219
2021-08-17,0.012580000162124634
2021-08-18,0.012730000019073486
2021-08-19,0.012419999837875366
2021-08-20,0.012599999904632569
2021-08-23,0.012549999952316284
2021-08-24,0.012899999618530273
2021-08-25,0.013420000076293945
2021-08-26,0.013420000076293945
2021-08-27,0.01312000036239624
2021-08-30,0.01284999966621399
2021-08-31,0.013040000200271606
2021-09-01,0.013020000457763671
2021-09-02,0.012940000295639038
2021-09-03,0.013220000267028808
2021-09-07,0.013700000047683715
2021-09-08,0.013339999914169311
2021-09-09,0.012990000247955323
2021-09-10,0.01340999960899353
2021-09-13,0.013240000009536743
2021-09-14,0.012769999504089356
2021-09-15,0.013040000200271606
2021-09-16,0.013309999704360961
2021-09-17,0.013700000047683715
2021-09-20,0.013090000152587891
2021-09-21,0.013240000009536743
2021-09-22,0.013359999656677246
2021-09-23,0.014099999666213989
2021-09-24,0.014600000381469726
2021-09-27,0.014839999675750733
2021-09-28,0.01534000039100647
2021-09-29,0.015410000085830688
2021-09-30,0.015290000438690186
2021-10-01,0.014789999723434448
2021-10-04,0.014809999465942383
2021-10-05,0.015290000438690186
2021-10-06,0.015240000486373901
2021-10-07,0.015709999799728393
2021-10-08,0.016050000190734864
2021-10-11,0.016139999628067017
2021-10-12,0.015800000429153443
2021-10-13,0.015490000247955322
2021-10-14,0.015190000534057618
2021-10-15,0.015759999752044677
2021-10-18,0.01583999991416931
2021-10-19,0.016349999904632567
2021-10-20,0.016360000371932984
2021-10-21,0.016759999990463258
2021-10-22,0.016549999713897704
2021-10-25,0.016349999904632567
2021-10-26,0.0161899995803833
2021-10-27,0.015290000438690186
2021-10-28,0.015679999589920043
2021-10-29,0.015570000410079957
2021-11-01,0.015750000476837157
2021-11-02,0.015490000247955322
2021-11-03,0.015789999961853027
2021-11-04,0.015240000486373901
2021-11-05,0.014529999494552612
2021-11-08,0.014969999790191651
2021-11-09,0.014320000410079955
2021-11-10,0.01559999942779541
2021-11-11,0.01559999942779541
2021-11-12,0.015820000171661377
2021-11-15,0.016230000257492064
2021-11-16,0.016339999437332154
2021-11-17,0.016039999723434447
2021-11-18,0.015889999866485597
2021-11-19,0.015360000133514405
2021-11-22,0.01625
2021-11-23,0.016670000553131104
2021-11-24,0.016449999809265137
2021-11-26,0.014819999933242798
2021-11-29,0.015299999713897705
2021-11-30,0.014429999589920044
2021-12-01,0.01434000015258789
2021-12-02,0.014479999542236327
2021-12-03,0.01343000054359436
2021-12-06,0.01434000015258789
2021-12-07,0.014800000190734863
2021-12-08,0.015089999437332153
2021-12-09,0.014869999885559083
2021-12-10,0.014889999628067016
2021-12-13,0.014240000247955322
2021-12-14,0.014379999637603759
2021-12-15,0.014630000591278076
2021-12-16,0.014220000505447387
2021-12-17,0.014019999504089355
2021-12-20,0.014190000295639039
2021-12-21,0.014869999885559083
2021-12-22,0.014570000171661377
2021-12-23,0.014930000305175781
2021-12-27,0.014809999465942383
2021-12-28,0.014809999465942383
2021-12-29,0.015429999828338623
2021-12-30,0.015149999856948853
2021-12-31,0.015119999647140503
2022-01-03,0.01628000020980835
2022-01-04,0.016679999828338624
2022-01-05,0.01705000042915344
2022-01-06,0.01733000040054321
2022-01-07,0.017710000276565552
2022-01-10,0.017799999713897705
2022-01-11,0.01746000051498413
2022-01-12,0.017250000238418578
2022-01-13,0.017109999656677245
2022-01-14,0.017719999551773072
2022-01-18,0.018650000095367433
2022-01-19,0.018270000219345092
2022-01-20,0.018329999446868896
2022-01-21,0.01746999979019165
2022-01-24,0.017350000143051148
2022-01-25,0.017829999923706055
2022-01-26,0.018480000495910646
2022-01-27,0.018070000410079955
2022-01-28,0.01781999945640564
2022-01-31,0.01781999945640564
2022-02-01,0.017999999523162842
2022-02-02,0.01766000032424927
2022-02-03,0.018270000219345092
2022-02-04,0.019299999475479127
2022-02-07,0.01916000008583069
2022-02-08,0.019539999961853027
2022-02-09,0.019290000200271606
2022-02-10,0.020309998989105224
2022-02-11,0.019550000429153443
2022-02-14,0.01996000051498413
2022-02-15,0.020450000762939454
2022-02-16,0.02046999931335449
2022-02-17,0.01972000002861023
2022-02-18,0.019320000410079956
2022-02-22,0.019479999542236327
2022-02-23,0.019769999980926514
2022-02-24,0.01968999981880188
2022-02-25,0.019859999418258667
2022-02-28,0.018389999866485596
2022-03-01,0.017070000171661378
2022-03-02,0.018650000095367433
2022-03-03,0.01843999981880188
2022-03-04,0.017239999771118165
2022-03-07,0.017510000467300415
2022-03-08,0.01871999979019165
2022-03-09,0.019479999542236327
2022-03-10,0.020109999179840087
2022-03-11,0.02003999948501587
2022-03-14,0.021400001049041748
2022-03-15,0.021600000858306885
2022-03-16,0.02187999963760376
2022-03-17,0.02191999912261963
2022-03-18,0.021480000019073485
2022-03-21,0.02315000057220459
2022-03-22,0.02372999906539917
2022-03-23,0.02321000099182129
2022-03-24,0.023410000801086427
2022-03-25,0.02492000102996826
2022-03-28,0.024769999980926515
2022-03-29,0.024000000953674317
2022-03-30,0.023580000400543213
2022-03-31,0.023269999027252197
2022-04-01,0.02377000093460083
2022-04-04,0.024119999408721924
2022-04-05,0.025559999942779542
2022-04-06,0.026089999675750732
2022-04-07,0.026519999504089356
2022-04-08,0.027130000591278076
2022-04-11,0.027799999713897704
2022-04-12,0.027249999046325683
2022-04-13,0.02687000036239624
2022-04-14,0.028280000686645507
2022-04-18,0.02861999988555908
2022-04-19,0.029130001068115235
2022-04-20,0.028399999141693114
2022-04-21,0.029170000553131105
2022-04-22,0.029059998989105225
2022-04-25,0.028259999752044677
2022-04-26,0.027720000743865967
2022-04-27,0.02818000078201294
2022-04-28,0.0286299991607666
2022-04-29,0.028870000839233398
2022-05-02,0.029960000514984132
2022-05-03,0.029600000381469725
2022-05-04,0.029170000553131105
2022-05-05,0.03065999984741211
2022-05-06,0.03122999906539917
2022-05-09,0.030789999961853026
2022-05-10,0.029930000305175782
2022-05-11,0.02921000003814697
2022-05-12,0.028169999122619627
2022-05-13,0.029349999427795412
2022-05-16,0.02877000093460083
2022-05-17,0.029679999351501465
2022-05-18,0.028859999179840088
2022-05-19,0.028550000190734864
2022-05-20,0.027869999408721924
2022-05-23,0.02858999967575073
2022-05-24,0.027599999904632567
2022-05-25,0.02749000072479248
2022-05-26,0.0275600004196167
2022-05-27,0.02743000030517578
2022-05-31,0.028440001010894774
2022-06-01,0.02930999994277954
2022-06-02,0.029130001068115235
2022-06-03,0.02957000017166138
2022-06-06,0.030380001068115236
2022-06-07,0.029719998836517336
2022-06-08,0.030290000438690186
2022-06-09,0.030439999103546143
2022-06-10,0.03155999898910523
2022-06-13,0.03365999937057495
2022-06-14,0.03483000040054321
2022-06-15,0.033949999809265136
2022-06-16,0.03306999921798706
2022-06-17,0.032390000820159914
2022-06-21,0.03306999921798706
2022-06-22,0.03155999898910523
2022-06-23,0.03068000078201294
2022-06-24,0.03125
2022-06-27,0.03194000005722046
2022-06-28,0.03206000089645386
2022-06-29,0.030929999351501467
2022-06-30,0.029719998836517336
2022-07-01,0.028889999389648438
2022-07-05,0.02809000015258789
2022-07-06,0.029130001068115235
2022-07-07,0.03007999897003174
2022-07-08,0.031010000705718993
2022-07-11,0.029909999370574952
2022-07-12,0.029579999446868895
2022-07-13,0.029040000438690185
2022-07-14,0.029600000381469725
2022-07-15,0.02930000066757202
2022-07-18,0.029600000381469725
2022-07-19,0.030190000534057616
2022-07-20,0.030360000133514406
2022-07-21,0.029100000858306885
2022-07-22,0.027829999923706054
2022-07-25,0.028199999332427977
2022-07-26,0.027869999408721924
2022-07-27,0.027339999675750733
2022-07-28,0.02680999994277954
2022-07-29,0.026419999599456786
2022-08-01,0.026059999465942382
2022-08-02,0.02740999937057495
2022-08-03,0.02747999906539917
2022-08-04,0.026760001182556153
2022-08-05,0.028399999141693114
2022-08-08,0.027650001049041747
2022-08-09,0.02796999931335449
2022-08-10,0.027860000133514404
2022-08-11,0.028880000114440918
2022-08-12,0.028489999771118164
2022-08-15,0.027909998893737794
2022-08-16,0.028239998817443848
2022-08-17,0.028929998874664308
2022-08-18,0.02880000114440918
2022-08-19,0.029890000820159912
2022-08-22,0.030369999408721923
2022-08-23,0.03053999900817871
2022-08-24,0.031059999465942383
2022-08-25,0.030260000228881836
2022-08-26,0.030350000858306886
2022-08-29,0.031099998950958253
2022-08-30,0.031099998950958253
2022-08-31,0.03132999897003174
2022-09-01,0.03265000104904175
2022-09-02,0.03193000078201294
2022-09-06,0.033399999141693115
2022-09-07,0.03265000104904175
2022-09-08,0.0329200005531311
2022-09-09,0.03321000099182129
2022-09-12,0.03361999988555908
2022-09-13,0.03421999931335449
2022-09-14,0.03411999940872192
2022-09-15,0.03459000110626221
2022-09-16,0.03447999954223633
2022-09-19,0.03490000009536743
2022-09-20,0.03571000099182129
2022-09-21,0.03509999990463257
2022-09-22,0.0370799994468689
2022-09-23,0.03697000026702881
2022-09-26,0.038780000209808346
2022-09-27,0.039639999866485594
2022-09-28,0.037049999237060545
2022-09-29,0.03746999979019165
2022-09-30,0.03803999900817871
2022-10-03,0.03651000022888184
2022-10-04,0.036170001029968264
2022-10-05,0.03759000062942505
2022-10-06,0.03825999975204468
2022-10-07,0.03882999897003174
2022-10-10,0.03888000011444092
2022-10-11,0.03938999891281128
2022-10-12,0.03901999950408935
2022-10-13,0.0395199990272522
2022-10-14,0.04010000228881836
2022-10-17,0.040149998664855954
2022-10-18,0.03997999906539917
2022-10-19,0.04126999855041504
2022-10-20,0.0422599983215332
2022-10-21,0.04212999820709228
2022-10-24,0.04234000205993652
2022-10-25,0.04107999801635742
2022-10-26,0.040149998664855954
2022-10-27,0.03937000036239624
2022-10-28,0.04010000228881836
2022-10-31,0.04077000141143799
2022-11-01,0.040520000457763675
2022-11-02,0.04059000015258789
2022-11-03,0.04124000072479248
2022-11-04,0.041560001373291015
2022-11-07,0.04214000225067139
2022-11-08,0.04125999927520752
2022-11-09,0.041510000228881835
2022-11-10,0.038289999961853026
2022-11-11,0.03812999963760376
2022-11-14,0.03865000009536743
2022-11-15,0.03799000024795532
2022-11-16,0.03691999912261963
2022-11-17,0.03775000095367432
2022-11-18,0.03818000078201294
2022-11-21,0.03825000047683716
2022-11-22,0.03757999897003174
2022-11-23,0.03706000089645386
2022-11-25,0.03690999984741211
2022-11-28,0.037030000686645505
2022-11-29,0.03747999906539917
2022-11-30,0.037030000686645505
2022-12-01,0.03529000043869018
2022-12-02,0.035060000419616696
2022-12-05,0.035989999771118164
2022-12-06,0.03513000011444092
2022-12-07,0.034079999923706056
2022-12-08,0.03490999937057495
2022-12-09,0.03566999912261963
2022-12-12,0.036110000610351564
2022-12-13,0.035009999275207516
2022-12-14,0.03503000020980835
2022-12-15,0.034500000476837156
2022-12-16,0.034820001125335696
2022-12-19,0.03581000089645386
2022-12-20,0.03684000015258789
2022-12-21,0.03684000015258789
2022-12-22,0.036689999103546145
2022-12-23,0.03750999927520752
2022-12-27,0.03859999895095825
2022-12-28,0.0388700008392334
2022-12-29,0.038350000381469726
2022-12-30,0.038789999485015866
2023-01-03,0.037929999828338626
2023-01-04,0.037090001106262205
2023-01-05,0.03720000028610229
2023-01-06,0.03569000005722046
2023-01-09,0.03516999959945679
2023-01-10,0.03621000051498413
2023-01-11,0.03553999900817871
2023-01-12,0.03448999881744385
2023-01-13,0.03510999917984009
2023-01-17,0.03535000085830688
2023-01-18,0.03375
2023-01-19,0.03397000074386597
2023-01-20,0.03483999967575073
2023-01-23,0.03525000095367432
2023-01-24,0.034690001010894776
2023-01-25,0.03461999893188476
2023-01-26,0.03493000030517578
2023-01-27,0.0351799988746643
2023-01-30,0.03551000118255615
2023-01-31,0.03529000043869018
2023-02-01,0.03397000074386597
2023-02-02,0.033959999084472656
2023-02-03,0.03532000064849854
2023-02-06,0.03634000062942505
2023-02-07,0.036740000247955325
2023-02-08,0.036530001163482664
2023-02-09,0.03683000087738037
2023-02-10,0.0374399995803833
2023-02-13,0.037170000076293945
2023-02-14,0.037609999179840085
2023-02-15,0.03809000015258789
2023-02-16,0.038429999351501466
2023-02-17,0.038280000686645506
2023-02-21,0.03954999923706055
2023-02-22,0.0392300009727478
2023-02-23,0.038789999485015866
2023-02-24,0.03948999881744385
2023-02-27,0.039219999313354494
2023-02-28,0.039159998893737794
2023-03-01,0.0399399995803833
2023-03-02,0.04072999954223633
2023-03-03,0.039639999866485594
2023-03-06,0.039830000400543214
2023-03-07,0.03974999904632568
2023-03-08,0.039760000705718994
2023-03-09,0.03924999952316284
2023-03-10,0.03694999933242798
2023-03-13,0.03515000104904175
2023-03-14,0.03638000011444092
2023-03-15,0.03492000102996826
2023-03-16,0.035850000381469724
2023-03-17,0.033949999809265136
2023-03-20,0.03480999946594238
2023-03-21,0.036059999465942384
2023-03-22,0.035
2023-03-23,0.03405999898910522
2023-03-24,0.03380000114440918
2023-03-27,0.03528000116348266
2023-03-28,0.03563999891281128
2023-03-29,0.03565999984741211
2023-03-30,0.03551000118255615
2023-03-31,0.0349399995803833
2023-04-03,0.03430000066757202
2023-04-04,0.03336999893188477
2023-04-05,0.03286999940872192
2023-04-06,0.032880001068115235
2023-04-10,0.034149999618530276
2023-04-11,0.03434000015258789
2023-04-12,0.034210000038146976
2023-04-13,0.034519999027252196
2023-04-14,0.03522000074386597
2023-04-17,0.035910000801086424
2023-04-18,0.03572000026702881
2023-04-19,0.03601999998092651
2023-04-20,0.03545000076293945
2023-04-21,0.03569999933242798
2023-04-24,0.03515000104904175
2023-04-25,0.033959999084472656
2023-04-26,0.03431999921798706
2023-04-27,0.03528000116348266
2023-04-28,0.034519999027252196
2023-05-01,0.03573999881744385
2023-05-02,0.034389998912811276
2023-05-03,0.03403000116348267
2023-05-04,0.033510000705718995
2023-05-05,0.03446000099182129
2023-05-08,0.03520999908447266
2023-05-09,0.03520999908447266
2023-05-10,0.034389998912811276
2023-05-11,0.03397000074386597
2023-05-12,0.034630000591278076
2023-05-15,0.03507999897003174
2023-05-16,0.035490000247955324
2023-05-17,0.03581000089645386
2023-05-18,0.036480000019073484
2023-05-19,0.03691999912261963
2023-05-22,0.03719000101089478
2023-05-23,0.036979999542236325
2023-05-24,0.03719000101089478
2023-05-25,0.03813999891281128
2023-05-26,0.03809999942779541
2023-05-30,0.03700000047683716
2023-05-31,0.0363700008392334
2023-06-01,0.03608000040054321
2023-06-02,0.03690999984741211
2023-06-05,0.03693000078201294
2023-06-06,0.036989998817443845
2023-06-07,0.03783999919891357
2023-06-08,0.0371399998664856
2023-06-09,0.03744999885559082
2023-06-12,0.037650001049041745
2023-06-13,0.03838999986648559
2023-06-14,0.03796000003814697
2023-06-15,0.03727999925613403
2023-06-16,0.03769000053405762
2023-06-20,0.037290000915527345
2023-06-21,0.037230000495910645
2023-06-22,0.03799000024795532
2023-06-23,0.03739000082015991
2023-06-26,0.03719000101089478
2023-06-27,0.037679998874664306
2023-06-28,0.037100000381469725
2023-06-29,0.038540000915527346
2023-06-30,0.03819000005722046
2023-07-03,0.03858000040054321
2023-07-05,0.03944999933242798
2023-07-06,0.040409998893737795
2023-07-07,0.040500001907348634
2023-07-10,0.0400600004196167
2023-07-11,0.03980000019073486
2023-07-12,0.03861000061035156
2023-07-13,0.037609999179840085
2023-07-14,0.03819000005722046
2023-07-17,0.03796999931335449
2023-07-18,0.03789000034332275
2023-07-19,0.03742000102996826
2023-07-20,0.038540000915527346
2023-07-21,0.038369998931884766
2023-07-24,0.03857000112533569
2023-07-25,0.03911999940872193
2023-07-26,0.03851000070571899
2023-07-27,0.0401200008392334
2023-07-28,0.039690001010894774
2023-07-31,0.03959000110626221
2023-08-01,0.040510001182556155
2023-08-02,0.04078000068664551
2023-08-03,0.04189000129699707
2023-08-04,0.04059999942779541
2023-08-07,0.04078000068664551
2023-08-08,0.040260000228881834
2023-08-09,0.0401200008392334
2023-08-10,0.04079999923706055
2023-08-11,0.041680002212524415
2023-08-14,0.04184000015258789
2023-08-15,0.0422100019454956
2023-08-16,0.042579998970031736
2023-08-17,0.04308000087738037
2023-08-18,0.042509999275207516
2023-08-21,0.043420000076293944
2023-08-22,0.04328000068664551
2023-08-23,0.04197999954223633
2023-08-24,0.04235000133514404
2023-08-25,0.04238999843597412
2023-08-28,0.04211999893188476
2023-08-29,0.04122000217437744
2023-08-30,0.04118000030517578
2023-08-31,0.04092999935150146
2023-09-01,0.04172999858856201
2023-09-05,0.042680001258850096
2023-09-06,0.04289999961853028
2023-09-07,0.042600002288818356
2023-09-08,0.042579998970031736
2023-09-11,0.04288000106811524
2023-09-12,0.042639999389648436
2023-09-13,0.04249000072479248
2023-09-14,0.04288000106811524
2023-09-15,0.04322000026702881
2023-09-18,0.04318999767303467
2023-09-19,0.04364999771118164
2023-09-20,0.043489999771118164
2023-09-21,0.044800000190734865
2023-09-22,0.04438000202178955
2023-09-25,0.04541999816894531
2023-09-26,0.04558000087738037
2023-09-27,0.04625999927520752
2023-09-28,0.045970001220703126
2023-09-29,0.045729999542236326
2023-10-02,0.04683000087738037
2023-10-03,0.048020000457763674
2023-10-04,0.04735000133514404
2023-10-05,0.04717000007629395
2023-10-06,0.047839999198913574
2023-10-09,0.047969999313354494
2023-10-10,0.04655000209808349
2023-10-11,0.045949997901916506
2023-10-12,0.04711999893188477
2023-10-13,0.04629000186920166
2023-10-16,0.04711999893188477
2023-10-17,0.04847000122070313
2023-10-18,0.049039998054504395
2023-10-19,0.0498799991607666
2023-10-20,0.04923999786376953
2023-10-23,0.04837999820709229
2023-10-24,0.04840000152587891
2023-10-25,0.04953000068664551
2023-10-26,0.0484499979019165
2023-10-27,0.0484499979019165
2023-10-30,0.04875
2023-10-31,0.04875
2023-11-01,0.047890000343322754
2023-11-02,0.04669000148773193
2023-11-03,0.04558000087738037
2023-11-06,0.04662000179290771
2023-11-07,0.04571000099182129
2023-11-08,0.04522999763488769
2023-11-09,0.04630000114440918
2023-11-10,0.04627999782562256
2023-11-13,0.04631999969482422
2023-11-14,0.04440999984741211
2023-11-15,0.04534999847412109
2023-11-16,0.04445000171661377
2023-11-17,0.04440999984741211
2023-11-20,0.04421999931335449
2023-11-21,0.04418000221252441
2023-11-22,0.04415999889373779
2023-11-24,0.044720001220703125
2023-11-27,0.04388999938964844
2023-11-28,0.043359999656677244
2023-11-29,0.042709999084472657
2023-11-30,0.043520002365112304
2023-12-01,0.0422599983215332
2023-12-04,0.04288000106811524
2023-12-05,0.041710000038146976
2023-12-06,0.04120999813079834
2023-12-07,0.04129000186920166
2023-12-08,0.04244999885559082
2023-12-11,0.04238999843597412
2023-12-12,0.04205999851226807
2023-12-13,0.040329999923706054
2023-12-14,0.03930000066757202
2023-12-15,0.039279999732971194
2023-12-18,0.03953999996185303
2023-12-19,0.039219999313354494
2023-12-20,0.03877000093460083
2023-12-21,0.03894000053405762
2023-12-22,0.03901000022888183
2023-12-26,0.038859999179840087
2023-12-27,0.03789000034332275
2023-12-28,0.038499999046325686
2023-12-29,0.03865999937057495
